time,temperature_2m_max,temperature_2m_min,precipitation_sum,weathercode
2015-01-01,27.4,23.6,1.8,53
2015-01-02,28.7,22.7,0.0,0
2015-01-03,28.7,21.9,0.0,3
2015-01-04,29.2,22.6,0.0,2
2015-01-05,29.2,23.3,0.0,2
2015-01-06,29.7,23.3,0.0,1
2015-01-07,29.7,23.6,0.0,1
2015-01-08,28.4,23.4,0.2,51
2015-01-09,28.0,23.7,0.4,51
2015-01-10,29.4,22.6,0.0,0
2015-01-11,29.6,23.3,0.0,1
2015-01-12,28.3,21.7,0.0,3
2015-01-13,29.1,21.4,0.0,1
2015-01-14,27.9,22.0,0.0,3
2015-01-15,29.3,22.6,0.0,3
2015-01-16,29.4,23.3,0.0,3
2015-01-17,29.4,23.5,0.0,3
2015-01-18,30.0,23.6,0.0,3
2015-01-19,29.7,23.6,0.1,51
2015-01-20,29.6,23.4,0.1,51
2015-01-21,29.9,23.1,0.0,1
2015-01-22,29.3,23.7,0.1,51
2015-01-23,29.8,22.6,0.0,3
2015-01-24,29.8,22.7,0.0,1
2015-01-25,30.2,23.2,0.0,3
2015-01-26,30.1,22.8,0.0,3
2015-01-27,29.7,22.7,0.0,3
2015-01-28,30.0,23.2,0.0,3
2015-01-29,30.6,24.3,0.0,3
2015-01-30,30.2,24.0,0.1,51
2015-01-31,30.8,25.2,0.0,3
2015-02-01,30.5,24.1,0.0,2
2015-02-02,31.3,23.2,0.0,3
2015-02-03,32.2,23.7,0.2,51
2015-02-04,31.5,24.2,0.0,3
2015-02-05,30.8,24.8,0.0,3
2015-02-06,30.9,25.1,0.4,51
2015-02-07,30.6,24.2,0.0,3
2015-02-08,30.9,24.6,0.0,1
2015-02-09,30.3,24.0,0.0,1
2015-02-10,30.2,23.4,0.0,1
2015-02-11,31.3,25.1,0.4,51
2015-02-12,31.0,24.2,0.0,1
2015-02-13,30.4,24.6,0.6,51
2015-02-14,31.2,24.3,0.3,51
2015-02-15,30.5,24.6,0.0,2
2015-02-16,31.0,24.6,0.0,3
2015-02-17,30.5,24.6,0.0,3
2015-02-18,29.8,24.5,0.0,3
2015-02-19,29.6,23.8,0.0,3
2015-02-20,30.9,24.9,0.0,1
2015-02-21,31.0,23.7,0.0,1
2015-02-22,31.0,23.3,0.0,3
2015-02-23,30.7,22.3,0.0,2
2015-02-24,31.5,23.2,0.0,1
2015-02-25,31.4,24.3,0.0,1
2015-02-26,30.2,24.1,0.0,2
2015-02-27,30.6,25.6,0.5,53
2015-02-28,30.7,25.5,1.2,53
2015-03-01,30.9,24.5,1.9,61
2015-03-02,30.1,24.4,2.8,63
2015-03-03,30.1,25.3,2.0,53
2015-03-04,30.7,25.3,2.7,61
2015-03-05,31.5,26.0,0.3,51
2015-03-06,32.0,25.2,3.5,61
2015-03-07,30.8,24.4,2.7,55
2015-03-08,30.3,23.9,4.9,61
2015-03-09,30.1,24.7,0.0,2
2015-03-10,31.0,24.7,0.0,2
2015-03-11,31.3,24.5,0.0,1
2015-03-12,31.1,24.6,0.0,1
2015-03-13,31.8,24.8,0.4,51
2015-03-14,30.9,24.9,0.3,51
2015-03-15,31.3,24.9,1.0,51
2015-03-16,31.3,25.1,7.6,63
2015-03-17,31.1,25.1,0.0,3
2015-03-18,30.5,25.6,0.0,3
2015-03-19,30.9,25.1,0.0,2
2015-03-20,31.2,25.1,0.0,1
2015-03-21,31.6,25.2,0.0,2
2015-03-22,32.2,25.5,0.0,1
2015-03-23,31.5,26.2,0.0,1
2015-03-24,31.8,27.4,0.0,1
2015-03-25,31.3,25.6,0.0,2
2015-03-26,31.4,26.1,0.0,3
2015-03-27,32.7,25.8,0.6,53
2015-03-28,31.8,25.8,0.0,1
2015-03-29,32.0,26.0,1.5,53
2015-03-30,32.0,25.9,4.8,63
2015-03-31,31.1,25.2,0.3,51
2015-04-01,31.5,25.6,16.5,63
2015-04-02,30.4,24.8,0.9,53
2015-04-03,31.5,25.8,5.6,63
2015-04-04,32.1,25.8,1.0,53
2015-04-05,33.0,27.0,0.0,3
2015-04-06,30.7,26.7,0.9,53
2015-04-07,31.9,25.9,2.1,53
2015-04-08,30.1,25.5,1.1,51
2015-04-09,30.8,25.5,2.6,55
2015-04-10,31.0,24.8,3.0,61
2015-04-11,30.7,25.4,6.7,63
2015-04-12,30.6,25.4,4.6,63
2015-04-13,28.3,24.9,16.7,63
2015-04-14,30.4,24.4,4.1,61
2015-04-15,30.2,24.6,2.9,53
2015-04-16,29.8,24.8,3.8,53
2015-04-17,30.7,25.0,2.3,53
2015-04-18,30.8,24.8,0.5,51
2015-04-19,31.0,25.4,3.3,61
2015-04-20,30.8,25.8,5.3,61
2015-04-21,28.7,24.6,34.6,63
2015-04-22,29.5,24.7,2.8,53
2015-04-23,30.3,25.8,9.0,63
2015-04-24,30.0,25.9,6.6,63
2015-04-25,30.7,24.4,7.8,63
2015-04-26,30.2,25.8,2.2,53
2015-04-27,31.1,24.7,0.7,53
2015-04-28,30.3,25.1,3.3,61
2015-04-29,30.9,26.0,1.3,61
2015-04-30,30.5,25.6,6.2,63
2015-05-01,30.9,26.2,0.1,51
2015-05-02,30.7,26.3,1.0,51
2015-05-03,31.1,25.8,0.0,1
2015-05-04,31.1,26.3,7.4,63
2015-05-05,30.5,25.2,4.6,61
2015-05-06,30.4,25.2,4.4,63
2015-05-07,29.8,25.9,12.7,63
2015-05-08,30.6,25.1,21.4,63
2015-05-09,29.6,25.3,14.6,63
2015-05-10,29.9,25.6,6.0,61
2015-05-11,28.8,25.0,32.4,65
2015-05-12,29.3,25.5,23.3,65
2015-05-13,29.2,24.8,14.0,63
2015-05-14,29.0,25.3,12.4,63
2015-05-15,29.9,25.7,5.4,63
2015-05-16,27.5,25.7,25.5,63
2015-05-17,26.7,25.0,23.4,63
2015-05-18,28.4,25.2,18.1,65
2015-05-19,28.0,25.7,14.1,63
2015-05-20,29.2,25.8,6.0,63
2015-05-21,30.0,26.1,4.7,53
2015-05-22,29.9,25.6,2.9,53
2015-05-23,29.5,26.1,4.8,61
2015-05-24,30.0,26.4,9.2,63
2015-05-25,31.1,26.0,1.0,51
2015-05-26,30.1,26.3,2.7,51
2015-05-27,30.5,25.6,0.1,51
2015-05-28,30.2,26.2,7.1,63
2015-05-29,29.2,25.3,23.4,63
2015-05-30,29.6,25.7,10.2,65
2015-05-31,29.1,25.4,16.9,65
2015-06-01,28.7,25.1,5.8,55
2015-06-02,29.2,25.6,9.4,63
2015-06-03,29.8,25.3,7.9,61
2015-06-04,29.0,25.1,16.6,65
2015-06-05,28.4,25.9,7.1,63
2015-06-06,30.2,25.1,0.5,53
2015-06-07,29.2,25.3,12.7,63
2015-06-08,27.5,25.0,26.7,63
2015-06-09,28.5,24.7,6.5,63
2015-06-10,29.3,24.8,2.0,53
2015-06-11,27.1,25.1,33.4,63
2015-06-12,27.0,24.4,3.7,53
2015-06-13,28.2,24.6,6.2,61
2015-06-14,28.6,24.7,15.9,65
2015-06-15,27.5,25.0,14.4,63
2015-06-16,27.8,24.7,11.4,61
2015-06-17,27.0,24.3,4.6,55
2015-06-18,26.4,24.5,20.4,63
2015-06-19,27.3,24.5,15.2,63
2015-06-20,27.3,25.1,10.9,61
2015-06-21,29.2,25.6,16.0,61
2015-06-22,28.1,25.4,20.2,61
2015-06-23,27.9,24.7,7.4,55
2015-06-24,27.7,25.0,6.9,55
2015-06-25,27.6,25.0,11.7,61
2015-06-26,27.4,25.1,25.1,63
2015-06-27,27.3,24.8,16.4,63
2015-06-28,28.1,24.6,5.3,53
2015-06-29,27.0,24.8,10.7,63
2015-06-30,28.5,24.7,1.8,51
2015-07-01,28.6,24.6,3.7,61
2015-07-02,28.4,24.8,2.1,51
2015-07-03,27.9,24.8,3.8,53
2015-07-04,28.9,24.9,2.8,51
2015-07-05,28.3,25.1,3.4,53
2015-07-06,29.0,25.7,4.9,53
2015-07-07,28.7,25.2,2.2,53
2015-07-08,28.4,24.5,6.6,61
2015-07-09,27.9,24.5,13.1,63
2015-07-10,26.1,24.8,22.5,63
2015-07-11,27.3,24.6,10.4,55
2015-07-12,28.2,24.2,4.1,53
2015-07-13,28.3,24.7,2.6,53
2015-07-14,27.6,24.7,4.8,55
2015-07-15,26.9,24.8,15.6,61
2015-07-16,26.6,24.7,13.3,61
2015-07-17,26.2,24.4,18.0,63
2015-07-18,27.1,23.7,38.3,63
2015-07-19,25.6,24.5,34.4,63
2015-07-20,26.6,24.0,12.3,61
2015-07-21,27.9,24.4,23.5,65
2015-07-22,27.2,24.3,30.6,63
2015-07-23,26.3,24.2,36.7,63
2015-07-24,26.9,23.8,35.4,63
2015-07-25,27.2,24.0,22.5,63
2015-07-26,27.0,24.1,11.1,63
2015-07-27,28.3,24.4,7.1,63
2015-07-28,28.4,24.5,0.9,53
2015-07-29,28.8,24.0,0.7,51
2015-07-30,27.9,23.9,3.0,51
2015-07-31,28.5,24.4,2.2,53
2015-08-01,27.9,24.4,10.9,63
2015-08-02,26.5,24.3,17.9,63
2015-08-03,26.6,24.1,12.8,63
2015-08-04,27.2,24.1,16.9,63
2015-08-05,26.7,24.2,9.7,61
2015-08-06,28.0,24.3,5.6,53
2015-08-07,27.8,24.4,6.6,55
2015-08-08,28.2,24.5,6.0,55
2015-08-09,27.3,24.6,18.7,63
2015-08-10,27.2,24.6,20.3,63
2015-08-11,27.9,24.3,9.4,61
2015-08-12,27.4,24.3,6.2,61
2015-08-13,27.7,24.4,5.2,53
2015-08-14,28.3,24.8,1.0,51
2015-08-15,28.7,25.2,3.5,63
2015-08-16,28.3,25.3,1.3,51
2015-08-17,29.4,25.0,5.8,61
2015-08-18,28.8,24.0,19.1,63
2015-08-19,28.2,24.3,14.1,63
2015-08-20,28.5,24.8,4.4,61
2015-08-21,28.1,24.7,7.0,61
2015-08-22,27.0,24.4,13.5,63
2015-08-23,27.0,24.4,5.7,53
2015-08-24,28.1,24.5,2.2,55
2015-08-25,28.6,24.3,0.6,51
2015-08-26,28.3,24.9,2.4,51
2015-08-27,27.9,24.3,3.3,53
2015-08-28,28.8,24.2,3.0,53
2015-08-29,28.9,23.7,2.5,53
2015-08-30,28.8,24.3,5.0,55
2015-08-31,29.5,24.5,1.6,53
2015-09-01,29.1,24.7,1.3,51
2015-09-02,29.3,24.6,1.7,53
2015-09-03,29.5,24.8,1.2,53
2015-09-04,29.4,25.3,0.8,51
2015-09-05,27.9,24.8,9.8,61
2015-09-06,28.5,24.5,19.1,65
2015-09-07,26.9,24.2,17.9,63
2015-09-08,25.7,23.6,9.0,55
2015-09-09,27.1,24.3,16.4,63
2015-09-10,28.2,24.2,8.5,55
2015-09-11,27.8,24.1,20.1,63
2015-09-12,28.3,24.3,16.9,63
2015-09-13,29.2,24.6,2.2,51
2015-09-14,28.9,24.3,5.7,55
2015-09-15,27.6,24.7,7.2,61
2015-09-16,27.1,24.4,11.3,61
2015-09-17,27.7,24.7,15.7,63
2015-09-18,28.7,24.8,3.8,55
2015-09-19,27.2,24.6,25.5,63
2015-09-20,27.2,24.6,12.3,61
2015-09-21,29.5,23.9,0.0,3
2015-09-22,28.6,25.1,1.2,51
2015-09-23,29.3,24.6,2.2,53
2015-09-24,29.5,24.9,9.3,63
2015-09-25,29.7,24.7,0.8,51
2015-09-26,29.5,25.0,4.7,63
2015-09-27,28.8,25.0,10.1,63
2015-09-28,29.5,24.8,10.7,63
2015-09-29,28.5,24.6,8.2,61
2015-09-30,27.5,24.2,29.7,63
2015-10-01,28.2,24.5,9.4,63
2015-10-02,28.6,24.7,3.7,61
2015-10-03,28.6,24.8,3.5,61
2015-10-04,27.6,24.8,22.8,63
2015-10-05,25.5,24.1,30.1,63
2015-10-06,28.6,24.1,12.9,63
2015-10-07,29.0,24.6,2.1,53
2015-10-08,28.6,24.4,7.4,55
2015-10-09,27.3,24.4,18.6,65
2015-10-10,28.6,24.9,29.4,65
2015-10-11,28.8,24.8,8.2,63
2015-10-12,29.1,24.6,10.1,61
2015-10-13,29.0,24.7,17.6,65
2015-10-14,28.9,24.4,4.4,53
2015-10-15,29.3,24.7,0.9,53
2015-10-16,30.3,25.2,0.9,53
2015-10-17,29.7,25.3,0.4,51
2015-10-18,28.9,25.4,7.2,63
2015-10-19,29.7,24.9,3.3,61
2015-10-20,29.3,25.0,0.8,51
2015-10-21,29.4,24.5,0.5,51
2015-10-22,29.5,24.9,0.1,51
2015-10-23,29.5,24.8,3.8,63
2015-10-24,29.7,25.1,5.2,61
2015-10-25,27.3,24.9,19.1,63
2015-10-26,28.9,24.4,0.3,51
2015-10-27,28.1,24.9,3.5,61
2015-10-28,29.1,25.0,8.0,63
2015-10-29,29.7,24.2,4.1,61
2015-10-30,29.8,24.8,11.3,63
2015-10-31,28.7,24.7,21.7,63
2015-11-01,28.0,24.4,69.8,65
2015-11-02,28.2,24.9,11.0,65
2015-11-03,29.5,25.1,1.4,55
2015-11-04,29.4,24.7,7.0,63
2015-11-05,27.3,24.4,12.9,61
2015-11-06,29.1,24.2,4.1,63
2015-11-07,29.1,24.1,82.8,65
2015-11-08,28.2,24.4,93.7,65
2015-11-09,26.7,24.6,5.4,53
2015-11-10,26.7,24.2,0.6,51
2015-11-11,28.8,23.8,0.3,51
2015-11-12,29.8,24.8,1.8,51
2015-11-13,28.5,24.5,4.7,61
2015-11-14,28.1,24.4,2.4,55
2015-11-15,25.3,23.8,16.8,61
2015-11-16,28.3,23.8,1.2,51
2015-11-17,29.1,23.9,0.4,51
2015-11-18,28.9,24.4,11.7,63
2015-11-19,27.9,24.9,5.0,63
2015-11-20,29.6,25.0,1.1,55
2015-11-21,29.8,24.1,2.2,55
2015-11-22,26.8,25.0,13.0,61
2015-11-23,29.3,24.2,7.1,63
2015-11-24,29.0,24.5,2.7,61
2015-11-25,30.4,24.8,0.0,1
2015-11-26,30.0,24.1,0.0,1
2015-11-27,29.4,23.8,0.3,51
2015-11-28,29.6,24.4,1.4,53
2015-11-29,29.6,24.0,0.0,3
2015-11-30,27.8,24.8,16.4,61
2015-12-01,28.3,25.1,10.7,63
2015-12-02,28.7,24.3,0.7,51
2015-12-03,29.2,24.6,1.0,53
2015-12-04,30.8,24.5,2.4,55
2015-12-05,28.1,25.6,10.5,63
2015-12-06,28.4,24.5,5.1,55
2015-12-07,29.1,24.5,4.5,63
2015-12-08,27.3,24.4,4.1,61
2015-12-09,29.2,24.6,0.4,51
2015-12-10,29.6,25.2,0.4,51
2015-12-11,28.5,24.4,4.7,61
2015-12-12,28.2,24.9,11.1,63
2015-12-13,29.3,24.8,9.6,63
2015-12-14,29.2,24.4,5.1,61
2015-12-15,29.2,24.4,4.3,61
2015-12-16,28.8,23.9,1.0,53
2015-12-17,29.3,23.7,0.0,3
2015-12-18,29.4,23.7,0.0,3
2015-12-19,28.7,24.3,0.4,51
2015-12-20,30.0,24.6,0.1,51
2015-12-21,30.0,23.7,0.0,3
2015-12-22,30.0,22.8,0.0,2
2015-12-23,29.4,22.9,0.0,1
2015-12-24,28.8,22.7,0.0,3
2015-12-25,30.2,22.9,0.0,1
2015-12-26,30.6,23.4,0.0,3
2015-12-27,31.3,23.5,0.0,3
2015-12-28,31.5,25.5,0.0,3
2015-12-29,30.5,24.9,0.0,1
2015-12-30,31.4,25.7,0.2,51
2015-12-31,31.1,23.0,0.0,3
2016-01-01,30.4,22.2,0.0,3
2016-01-02,31.7,21.7,0.0,3
2016-01-03,31.2,22.0,0.0,3
2016-01-04,30.8,21.3,0.0,3
2016-01-05,30.6,21.9,0.0,2
2016-01-06,30.8,22.9,0.0,3
2016-01-07,30.3,23.5,0.0,3
2016-01-08,31.9,24.3,0.0,3
2016-01-09,30.6,24.2,0.0,3
2016-01-10,30.2,23.7,0.0,3
2016-01-11,31.1,23.8,0.0,3
2016-01-12,30.3,23.4,0.0,3
2016-01-13,29.4,23.7,0.0,3
2016-01-14,30.0,23.6,0.0,3
2016-01-15,29.6,23.4,0.0,3
2016-01-16,30.0,23.2,0.0,3
2016-01-17,30.3,23.6,0.0,3
2016-01-18,30.0,23.7,0.2,51
2016-01-19,30.6,24.0,0.1,51
2016-01-20,30.3,24.8,0.0,3
2016-01-21,31.4,26.2,0.0,3
2016-01-22,29.6,24.8,1.8,53
2016-01-23,31.1,24.8,0.0,2
2016-01-24,31.1,25.2,0.0,1
2016-01-25,31.0,24.6,0.0,3
2016-01-26,31.0,25.6,0.0,3
2016-01-27,31.0,24.8,0.3,51
2016-01-28,30.6,24.8,0.0,3
2016-01-29,30.6,24.5,0.0,3
2016-01-30,31.1,24.5,0.0,3
2016-01-31,31.0,22.8,0.0,3
2016-02-01,31.8,23.3,0.0,3
2016-02-02,32.0,21.7,0.0,3
2016-02-03,30.5,22.0,0.0,3
2016-02-04,31.4,21.4,0.0,3
2016-02-05,30.9,22.3,0.0,3
2016-02-06,30.3,23.1,0.0,3
2016-02-07,31.4,24.6,0.0,3
2016-02-08,31.8,25.9,0.0,3
2016-02-09,31.0,26.3,0.0,3
2016-02-10,31.0,25.4,0.9,51
2016-02-11,30.8,24.3,2.4,55
2016-02-12,30.8,25.4,0.0,3
2016-02-13,29.9,25.9,0.0,2
2016-02-14,30.4,25.2,0.0,3
2016-02-15,30.9,24.9,0.0,2
2016-02-16,31.7,24.8,0.0,3
2016-02-17,31.6,26.4,0.0,3
2016-02-18,33.0,25.8,0.0,3
2016-02-19,33.0,26.4,0.3,51
2016-02-20,32.5,26.0,1.1,53
2016-02-21,32.0,25.4,0.0,3
2016-02-22,33.5,27.0,0.0,1
2016-02-23,31.1,26.5,0.2,51
2016-02-24,31.1,26.1,2.1,51
2016-02-25,31.8,26.8,0.0,2
2016-02-26,33.0,25.8,0.0,1
2016-02-27,32.2,25.7,0.0,3
2016-02-28,32.8,26.6,0.0,3
2016-02-29,33.1,26.9,0.0,3
2016-03-01,32.6,25.5,0.0,3
2016-03-02,33.0,26.6,0.0,3
2016-03-03,32.3,26.2,0.0,3
2016-03-04,32.9,25.1,0.0,3
2016-03-05,32.4,26.0,0.0,3
2016-03-06,31.7,25.3,0.0,1
2016-03-07,31.8,25.9,0.0,3
2016-03-08,31.9,26.2,0.1,51
2016-03-09,31.7,26.1,0.0,3
2016-03-10,31.9,26.8,0.0,3
2016-03-11,31.9,26.4,0.4,51
2016-03-12,31.8,27.2,0.6,51
2016-03-13,32.6,26.5,1.8,61
2016-03-14,32.8,27.2,0.2,51
2016-03-15,31.0,27.0,2.2,53
2016-03-16,32.4,27.2,0.0,3
2016-03-17,33.0,26.7,0.0,3
2016-03-18,33.0,27.0,0.0,1
2016-03-19,32.9,26.9,0.0,1
2016-03-20,32.9,28.2,0.0,1
2016-03-21,32.5,27.5,0.0,3
2016-03-22,32.3,27.4,0.5,51
2016-03-23,32.2,27.2,0.3,51
2016-03-24,32.0,27.2,0.7,53
2016-03-25,32.4,26.7,0.4,51
2016-03-26,33.5,26.3,0.0,1
2016-03-27,32.6,26.4,0.0,1
2016-03-28,32.4,26.5,0.0,2
2016-03-29,32.3,26.4,0.5,51
2016-03-30,32.5,27.2,1.0,55
2016-03-31,32.3,26.3,0.9,53
2016-04-01,32.3,26.8,0.0,3
2016-04-02,32.9,27.1,1.1,53
2016-04-03,32.7,26.8,0.0,3
2016-04-04,32.4,27.0,0.0,1
2016-04-05,31.3,26.6,3.7,55
2016-04-06,32.0,25.8,1.0,51
2016-04-07,33.6,27.5,1.5,61
2016-04-08,32.7,26.9,1.1,51
2016-04-09,30.6,25.8,3.1,55
2016-04-10,31.8,26.9,0.2,51
2016-04-11,32.4,27.3,0.0,3
2016-04-12,32.7,27.5,0.1,51
2016-04-13,32.6,27.1,0.2,51
2016-04-14,33.0,27.9,2.3,61
2016-04-15,32.5,27.3,3.5,55
2016-04-16,32.2,26.4,3.2,55
2016-04-17,32.1,27.2,1.6,55
2016-04-18,32.4,27.9,0.1,51
2016-04-19,33.4,27.1,0.4,51
2016-04-20,31.7,26.7,0.6,51
2016-04-21,31.8,27.4,2.4,61
2016-04-22,32.2,27.6,1.6,51
2016-04-23,32.6,28.4,0.0,3
2016-04-24,33.2,28.6,0.0,3
2016-04-25,33.0,28.8,0.3,51
2016-04-26,34.0,28.5,0.0,3
2016-04-27,33.2,27.8,0.4,51
2016-04-28,32.8,28.1,1.5,55
2016-04-29,32.4,26.9,0.7,51
2016-04-30,33.1,27.0,0.8,53
2016-05-01,33.2,27.0,0.7,51
2016-05-02,32.6,27.0,0.6,51
2016-05-03,33.0,27.8,0.6,53
2016-05-04,32.9,27.0,6.3,61
2016-05-05,32.7,26.3,12.5,63
2016-05-06,31.6,26.8,5.4,61
2016-05-07,32.5,26.4,12.3,65
2016-05-08,32.1,26.8,3.8,63
2016-05-09,33.0,27.7,0.9,53
2016-05-10,31.7,25.8,22.5,65
2016-05-11,31.1,26.5,4.1,63
2016-05-12,31.2,25.5,16.1,63
2016-05-13,31.8,25.8,12.2,63
2016-05-14,32.0,26.4,14.2,63
2016-05-15,30.8,25.5,6.4,63
2016-05-16,27.8,25.0,5.8,53
2016-05-17,28.0,24.8,31.5,63
2016-05-18,27.9,25.2,28.0,63
2016-05-19,30.4,25.9,12.7,63
2016-05-20,29.0,25.0,13.2,63
2016-05-21,30.8,26.1,2.9,53
2016-05-22,30.4,27.0,6.9,61
2016-05-23,30.5,26.5,6.7,61
2016-05-24,29.9,26.3,13.1,61
2016-05-25,29.6,26.1,7.9,63
2016-05-26,29.6,25.8,4.3,61
2016-05-27,29.5,25.5,15.6,65
2016-05-28,28.6,25.3,16.0,63
2016-05-29,28.6,24.7,14.8,61
2016-05-30,27.8,25.2,18.3,63
2016-05-31,27.9,25.2,22.7,65
2016-06-01,27.5,24.9,44.4,65
2016-06-02,29.3,24.9,17.0,63
2016-06-03,27.7,25.3,15.1,61
2016-06-04,27.2,25.5,12.4,61
2016-06-05,28.3,25.1,10.1,55
2016-06-06,27.7,25.3,11.0,61
2016-06-07,27.2,25.3,22.1,63
2016-06-08,26.9,25.4,48.4,63
2016-06-09,27.0,25.5,29.3,63
2016-06-10,27.2,25.4,25.1,63
2016-06-11,28.0,25.2,17.7,61
2016-06-12,28.0,25.0,15.8,63
2016-06-13,27.6,25.2,6.5,55
2016-06-14,28.8,25.2,5.2,53
2016-06-15,29.2,25.2,5.9,53
2016-06-16,27.3,24.3,10.1,63
2016-06-17,26.8,24.6,24.4,63
2016-06-18,25.7,24.4,37.5,63
2016-06-19,27.4,24.5,11.9,63
2016-06-20,27.2,24.2,14.2,61
2016-06-21,25.7,24.2,18.0,63
2016-06-22,27.6,23.9,10.4,55
2016-06-23,26.8,24.2,15.1,61
2016-06-24,26.4,24.1,30.3,63
2016-06-25,25.9,24.0,15.4,61
2016-06-26,28.1,24.6,4.9,53
2016-06-27,27.3,24.5,17.1,63
2016-06-28,26.9,24.6,18.8,63
2016-06-29,27.7,24.4,14.7,61
2016-06-30,28.2,24.6,8.1,55
2016-07-01,28.5,25.0,6.5,53
2016-07-02,29.6,25.8,3.1,53
2016-07-03,28.9,25.1,3.6,53
2016-07-04,28.1,24.9,23.2,63
2016-07-05,28.3,24.5,8.8,63
2016-07-06,26.6,25.0,12.8,63
2016-07-07,27.6,24.6,6.2,61
2016-07-08,27.0,24.8,20.5,63
2016-07-09,27.4,24.3,19.2,63
2016-07-10,27.4,24.5,12.2,63
2016-07-11,26.9,24.5,9.4,55
2016-07-12,28.2,24.6,6.2,55
2016-07-13,27.2,23.9,3.7,53
2016-07-14,27.4,24.2,13.9,63
2016-07-15,27.4,24.5,10.2,63
2016-07-16,27.5,24.2,13.5,61
2016-07-17,27.4,24.1,3.6,55
2016-07-18,26.4,24.0,25.5,63
2016-07-19,28.7,23.3,0.4,51
2016-07-20,27.7,24.0,6.4,61
2016-07-21,27.7,24.4,3.4,53
2016-07-22,27.6,23.9,3.2,51
2016-07-23,26.4,23.9,6.8,53
2016-07-24,26.3,24.1,13.2,63
2016-07-25,27.8,24.3,11.8,63
2016-07-26,27.2,24.1,15.6,61
2016-07-27,26.1,24.3,15.1,63
2016-07-28,28.0,24.1,35.8,65
2016-07-29,27.4,24.4,6.4,61
2016-07-30,27.6,23.8,5.6,53
2016-07-31,27.8,23.8,5.3,53
2016-08-01,27.4,23.9,4.1,55
2016-08-02,28.0,24.2,3.6,53
2016-08-03,28.1,24.3,10.4,55
2016-08-04,27.3,24.0,11.3,63
2016-08-05,27.5,24.4,10.6,55
2016-08-06,29.0,24.6,1.4,51
2016-08-07,28.3,24.3,4.7,53
2016-08-08,28.5,24.5,2.7,51
2016-08-09,28.1,24.1,3.6,61
2016-08-10,28.2,24.0,3.5,53
2016-08-11,28.0,24.3,2.0,55
2016-08-12,27.8,24.6,16.7,63
2016-08-13,27.8,24.5,2.1,55
2016-08-14,27.1,24.2,10.3,63
2016-08-15,27.6,24.0,5.8,55
2016-08-16,27.7,24.1,5.3,53
2016-08-17,28.1,24.4,3.5,51
2016-08-18,26.4,23.8,6.3,61
2016-08-19,27.7,24.3,2.1,51
2016-08-20,27.6,24.3,3.3,53
2016-08-21,27.5,24.7,0.6,51
2016-08-22,27.5,24.7,1.1,51
2016-08-23,27.0,24.4,10.6,63
2016-08-24,27.3,24.3,2.5,53
2016-08-25,27.3,24.2,6.9,61
2016-08-26,27.0,24.4,12.1,61
2016-08-27,27.4,24.1,6.9,61
2016-08-28,28.0,23.9,4.5,53
2016-08-29,27.7,24.3,4.3,61
2016-08-30,26.6,24.2,19.6,63
2016-08-31,26.7,24.2,10.1,61
2016-09-01,26.3,24.1,29.5,63
2016-09-02,25.7,24.1,16.7,63
2016-09-03,27.4,23.9,4.4,53
2016-09-04,27.3,24.4,3.5,53
2016-09-05,27.8,23.7,1.4,53
2016-09-06,27.7,24.0,1.8,53
2016-09-07,27.6,22.9,1.4,51
2016-09-08,26.8,23.5,3.3,51
2016-09-09,27.7,23.1,1.3,53
2016-09-10,28.3,24.7,3.0,51
2016-09-11,27.9,24.0,2.1,51
2016-09-12,27.4,24.0,2.6,51
2016-09-13,27.2,24.4,6.8,63
2016-09-14,27.3,24.5,14.4,63
2016-09-15,27.8,24.3,8.2,61
2016-09-16,27.3,24.0,4.3,53
2016-09-17,28.1,23.6,3.3,51
2016-09-18,26.9,23.8,13.4,63
2016-09-19,28.1,24.0,2.9,53
2016-09-20,28.0,24.7,2.9,51
2016-09-21,27.6,24.0,5.9,53
2016-09-22,27.9,24.4,3.8,53
2016-09-23,27.5,24.5,2.9,53
2016-09-24,27.4,24.1,3.4,53
2016-09-25,27.4,23.9,2.7,53
2016-09-26,27.8,24.5,3.2,51
2016-09-27,28.3,24.8,2.9,51
2016-09-28,27.2,24.8,7.4,61
2016-09-29,26.9,24.5,12.2,63
2016-09-30,27.9,24.2,2.3,53
2016-10-01,27.9,23.8,2.2,51
2016-10-02,28.0,23.2,0.8,51
2016-10-03,28.2,23.3,0.9,51
2016-10-04,28.2,23.7,1.1,51
2016-10-05,28.4,24.1,1.2,51
2016-10-06,28.3,24.2,0.8,51
2016-10-07,27.9,23.8,1.3,53
2016-10-08,27.7,23.9,1.9,53
2016-10-09,28.3,23.6,3.0,53
2016-10-10,28.0,24.3,1.5,51
2016-10-11,28.1,23.5,1.1,51
2016-10-12,28.4,24.9,1.9,53
2016-10-13,28.0,24.5,23.6,63
2016-10-14,27.6,24.0,15.6,63
2016-10-15,28.4,24.8,3.0,53
2016-10-16,29.2,25.1,6.9,61
2016-10-17,28.7,24.5,9.2,63
2016-10-18,29.7,24.6,0.0,1
2016-10-19,28.8,24.9,3.0,55
2016-10-20,28.0,24.7,6.0,63
2016-10-21,26.0,24.2,13.2,63
2016-10-22,26.8,24.0,8.6,61
2016-10-23,27.7,23.8,6.3,53
2016-10-24,28.2,23.5,2.1,53
2016-10-25,28.2,24.2,1.6,53
2016-10-26,28.0,23.7,3.9,61
2016-10-27,27.7,24.4,1.7,53
2016-10-28,28.9,24.1,1.5,53
2016-10-29,28.5,24.5,4.0,61
2016-10-30,29.1,24.9,2.7,61
2016-10-31,28.0,24.4,10.2,63
2016-11-01,27.9,24.2,15.5,63
2016-11-02,28.9,23.6,3.7,61
2016-11-03,28.0,24.2,4.6,63
2016-11-04,26.8,24.4,12.8,63
2016-11-05,28.8,24.4,0.4,51
2016-11-06,29.3,25.0,0.0,3
2016-11-07,29.3,23.3,0.0,3
2016-11-08,29.1,23.1,0.0,2
2016-11-09,28.9,23.9,0.4,51
2016-11-10,28.6,24.1,0.0,1
2016-11-11,28.8,23.9,0.0,1
2016-11-12,29.3,24.1,0.1,51
2016-11-13,29.2,24.3,1.4,55
2016-11-14,28.4,24.2,7.9,61
2016-11-15,27.6,24.1,1.8,55
2016-11-16,29.6,24.0,0.0,3
2016-11-17,29.6,24.2,0.2,51
2016-11-18,30.1,25.5,0.0,3
2016-11-19,29.4,24.2,0.7,53
2016-11-20,27.7,24.6,0.0,3
2016-11-21,28.9,24.2,0.0,3
2016-11-22,29.4,23.7,0.0,3
2016-11-23,29.5,24.7,0.0,3
2016-11-24,29.0,24.1,0.0,3
2016-11-25,29.2,23.8,0.0,3
2016-11-26,29.7,24.5,0.0,3
2016-11-27,30.3,24.3,0.0,3
2016-11-28,28.9,24.2,0.0,3
2016-11-29,28.7,24.2,0.0,3
2016-11-30,29.1,24.6,0.0,3
2016-12-01,27.5,21.9,8.7,61
2016-12-02,27.9,22.6,10.9,61
2016-12-03,28.7,23.7,1.0,51
2016-12-04,29.7,24.1,0.0,3
2016-12-05,29.5,23.4,0.0,3
2016-12-06,28.5,24.0,0.9,51
2016-12-07,28.4,23.5,1.5,53
2016-12-08,28.6,23.7,0.8,53
2016-12-09,28.7,23.7,1.2,51
2016-12-10,29.1,24.5,0.1,51
2016-12-11,28.7,23.7,0.2,51
2016-12-12,28.6,24.0,0.0,3
2016-12-13,27.0,24.3,3.3,55
2016-12-14,27.6,23.8,1.1,51
2016-12-15,29.3,23.1,0.0,3
2016-12-16,29.5,24.0,0.4,51
2016-12-17,29.9,23.3,0.0,1
2016-12-18,29.1,23.6,0.0,3
2016-12-19,29.8,23.1,0.0,1
2016-12-20,30.2,24.2,0.0,3
2016-12-21,30.1,24.1,0.0,2
2016-12-22,30.2,24.4,0.0,1
2016-12-23,29.4,24.5,0.0,3
2016-12-24,29.1,22.9,0.0,3
2016-12-25,28.1,24.3,0.9,51
2016-12-26,29.9,24.0,0.0,1
2016-12-27,30.8,24.7,0.0,1
2016-12-28,31.0,24.4,0.3,51
2016-12-29,31.7,25.1,0.0,2
2016-12-30,30.7,22.9,0.0,3
2016-12-31,29.8,22.1,0.0,3
2017-01-01,29.6,22.2,0.0,3
2017-01-02,29.4,23.0,0.6,51
2017-01-03,29.2,23.5,0.0,3
2017-01-04,29.0,23.9,0.1,51
2017-01-05,29.0,23.6,0.4,51
2017-01-06,28.7,23.7,0.3,51
2017-01-07,29.0,23.5,1.6,55
2017-01-08,28.8,23.9,0.2,51
2017-01-09,28.6,23.7,0.3,51
2017-01-10,28.9,23.4,2.5,51
2017-01-11,29.3,23.5,0.1,51
2017-01-12,28.6,23.6,0.6,51
2017-01-13,29.4,24.0,0.9,51
2017-01-14,29.7,24.2,0.4,51
2017-01-15,30.3,23.6,0.9,53
2017-01-16,29.0,23.5,0.1,51
2017-01-17,29.1,23.8,0.5,51
2017-01-18,30.3,22.6,0.0,2
2017-01-19,31.2,21.8,0.0,2
2017-01-20,29.5,22.4,0.0,1
2017-01-21,31.2,24.6,0.1,51
2017-01-22,29.5,25.3,2.6,53
2017-01-23,30.6,23.5,0.0,3
2017-01-24,31.7,23.4,0.0,3
2017-01-25,30.5,24.0,0.0,3
2017-01-26,31.1,25.2,0.0,3
2017-01-27,30.9,25.6,8.9,63
2017-01-28,29.2,25.0,6.9,61
2017-01-29,29.8,24.3,0.8,53
2017-01-30,28.9,24.9,1.3,53
2017-01-31,29.6,24.1,0.0,3
2017-02-01,28.9,24.7,0.2,51
2017-02-02,28.9,23.9,0.0,1
2017-02-03,30.8,22.9,0.0,1
2017-02-04,30.5,23.1,0.0,0
2017-02-05,29.3,22.0,0.5,51
2017-02-06,27.7,24.0,4.5,53
2017-02-07,28.3,24.0,1.5,51
2017-02-08,28.9,24.6,0.0,2
2017-02-09,29.5,24.2,0.0,1
2017-02-10,29.1,24.1,0.2,51
2017-02-11,29.5,24.2,0.7,51
2017-02-12,29.8,24.1,1.1,51
2017-02-13,31.1,23.6,0.0,0
2017-02-14,32.4,23.2,0.0,2
2017-02-15,32.8,25.2,0.0,3
2017-02-16,32.2,24.4,0.4,51
2017-02-17,32.9,23.3,0.0,1
2017-02-18,30.8,21.7,0.0,3
2017-02-19,31.0,22.6,0.0,3
2017-02-20,29.7,23.2,0.0,3
2017-02-21,30.2,25.0,0.2,51
2017-02-22,30.4,24.7,0.1,51
2017-02-23,30.5,25.2,0.7,51
2017-02-24,30.2,25.1,0.0,2
2017-02-25,30.8,25.2,0.2,51
2017-02-26,30.4,25.0,0.9,51
2017-02-27,30.3,25.2,0.0,3
2017-02-28,32.4,25.1,0.0,3
2017-03-01,32.1,25.0,0.0,3
2017-03-02,33.5,24.7,0.0,3
2017-03-03,30.6,26.5,1.3,53
2017-03-04,28.3,25.1,7.1,61
2017-03-05,29.6,24.4,7.2,61
2017-03-06,29.5,24.5,4.7,55
2017-03-07,29.3,25.4,7.2,63
2017-03-08,29.2,24.7,6.3,61
2017-03-09,29.4,24.8,12.1,63
2017-03-10,28.7,24.3,14.0,63
2017-03-11,29.8,25.3,0.1,51
2017-03-12,29.7,25.3,0.0,3
2017-03-13,29.9,25.1,0.3,51
2017-03-14,30.5,25.6,7.5,61
2017-03-15,29.5,24.7,25.2,63
2017-03-16,28.3,24.2,6.6,63
2017-03-17,29.6,24.2,0.1,51
2017-03-18,29.8,25.9,5.1,61
2017-03-19,29.8,25.3,0.0,3
2017-03-20,29.9,25.2,1.2,51
2017-03-21,30.4,25.1,0.4,51
2017-03-22,30.6,25.3,3.4,61
2017-03-23,29.6,24.9,0.3,51
2017-03-24,29.7,25.1,0.7,51
2017-03-25,30.1,25.7,1.5,53
2017-03-26,30.6,25.3,2.8,55
2017-03-27,29.5,26.3,2.7,55
2017-03-28,29.4,25.7,0.4,51
2017-03-29,30.0,25.6,2.3,53
2017-03-30,29.9,25.6,1.0,51
2017-03-31,30.9,26.4,1.5,53
2017-04-01,30.5,25.6,0.6,51
2017-04-02,30.7,25.9,3.8,61
2017-04-03,30.3,25.4,1.6,51
2017-04-04,29.9,26.4,2.5,53
2017-04-05,30.3,26.5,5.6,61
2017-04-06,30.6,26.2,3.6,61
2017-04-07,31.1,24.4,3.5,61
2017-04-08,31.4,25.9,6.5,61
2017-04-09,30.8,25.7,4.6,61
2017-04-10,30.4,25.0,6.4,63
2017-04-11,30.7,25.1,7.8,61
2017-04-12,31.1,26.0,1.8,53
2017-04-13,30.1,26.1,11.4,63
2017-04-14,30.0,25.1,17.3,63
2017-04-15,31.2,25.9,9.7,63
2017-04-16,30.0,25.6,2.6,53
2017-04-17,30.6,25.9,0.8,51
2017-04-18,30.5,26.3,1.2,51
2017-04-19,30.7,27.1,2.7,61
2017-04-20,30.0,26.8,5.3,61
2017-04-21,28.7,25.0,16.7,63
2017-04-22,30.2,26.0,3.9,61
2017-04-23,30.7,26.5,9.0,63
2017-04-24,30.4,26.1,4.4,61
2017-04-25,30.9,27.2,1.0,53
2017-04-26,30.8,27.9,3.5,61
2017-04-27,30.7,27.2,0.5,51
2017-04-28,31.1,26.7,1.4,53
2017-04-29,30.7,26.2,4.5,61
2017-04-30,31.2,27.0,0.9,53
2017-05-01,29.8,25.9,9.0,63
2017-05-02,29.9,24.7,6.6,63
2017-05-03,30.3,25.1,11.0,63
2017-05-04,30.3,25.0,5.5,63
2017-05-05,30.7,25.6,12.5,63
2017-05-06,30.0,25.3,9.2,63
2017-05-07,29.6,25.5,20.0,65
2017-05-08,30.1,24.9,3.3,53
2017-05-09,30.2,25.7,6.8,61
2017-05-10,30.7,25.0,22.4,63
2017-05-11,29.9,25.0,5.1,61
2017-05-12,30.3,25.5,10.3,63
2017-05-13,31.0,25.7,5.4,61
2017-05-14,30.1,25.3,17.6,63
2017-05-15,30.6,25.2,42.1,65
2017-05-16,30.6,26.7,4.6,61
2017-05-17,30.5,25.9,9.0,63
2017-05-18,30.6,25.4,20.0,63
2017-05-19,29.9,25.4,2.7,53
2017-05-20,29.6,26.9,14.0,63
2017-05-21,29.6,25.8,19.1,65
2017-05-22,28.7,24.9,18.7,63
2017-05-23,30.1,26.7,15.7,63
2017-05-24,29.6,25.4,14.4,63
2017-05-25,28.8,25.7,29.1,63
2017-05-26,30.3,25.0,10.8,61
2017-05-27,30.8,27.5,4.2,63
2017-05-28,29.1,25.7,16.0,63
2017-05-29,28.8,25.9,26.2,63
2017-05-30,28.1,24.4,68.2,65
2017-05-31,27.4,23.9,23.9,63
2017-06-01,27.3,25.0,60.5,65
2017-06-02,28.2,25.8,37.1,63
2017-06-03,28.0,25.7,52.4,63
2017-06-04,28.2,25.8,36.9,63
2017-06-05,28.1,25.5,17.9,63
2017-06-06,28.0,25.2,30.7,63
2017-06-07,27.9,24.9,20.0,63
2017-06-08,29.1,25.1,5.8,61
2017-06-09,27.5,25.5,7.9,53
2017-06-10,26.4,23.9,50.4,63
2017-06-11,27.4,23.8,24.2,63
2017-06-12,27.5,24.7,33.1,65
2017-06-13,27.9,24.7,14.4,61
2017-06-14,28.1,25.3,12.7,61
2017-06-15,28.5,25.6,9.8,63
2017-06-16,28.5,25.6,21.2,63
2017-06-17,28.3,25.3,10.0,63
2017-06-18,28.4,25.7,7.2,63
2017-06-19,28.8,25.3,12.4,63
2017-06-20,27.7,25.2,16.9,63
2017-06-21,27.4,24.8,7.6,55
2017-06-22,27.5,25.2,18.0,63
2017-06-23,27.2,25.0,29.5,63
2017-06-24,26.6,24.6,16.0,61
2017-06-25,26.8,23.6,38.8,63
2017-06-26,26.7,25.1,26.2,63
2017-06-27,26.5,23.7,35.5,63
2017-06-28,28.3,23.2,15.7,61
2017-06-29,28.4,24.5,8.3,61
2017-06-30,28.0,24.4,9.9,61
2017-07-01,27.2,24.9,22.8,63
2017-07-02,27.0,24.1,19.8,63
2017-07-03,26.5,24.6,13.4,61
2017-07-04,28.2,24.8,8.4,55
2017-07-05,28.1,24.9,6.1,53
2017-07-06,27.4,24.6,14.3,61
2017-07-07,27.3,25.1,21.4,63
2017-07-08,26.9,24.8,18.7,63
2017-07-09,26.8,24.4,14.0,61
2017-07-10,27.5,24.4,6.8,61
2017-07-11,27.4,24.6,31.9,63
2017-07-12,27.5,24.6,3.8,55
2017-07-13,27.5,24.7,10.5,61
2017-07-14,28.0,24.4,6.8,53
2017-07-15,28.1,24.8,5.9,55
2017-07-16,27.0,25.0,6.9,55
2017-07-17,27.3,24.6,8.8,55
2017-07-18,28.0,25.2,10.7,61
2017-07-19,27.4,24.7,21.1,63
2017-07-20,27.4,24.8,21.4,63
2017-07-21,27.8,24.4,7.1,61
2017-07-22,28.3,24.5,0.9,51
2017-07-23,28.8,25.2,2.6,53
2017-07-24,28.4,25.1,1.8,51
2017-07-25,29.1,25.6,0.3,51
2017-07-26,28.4,26.0,3.2,53
2017-07-27,28.6,25.2,15.8,63
2017-07-28,28.2,24.4,22.8,63
2017-07-29,28.4,24.6,2.9,53
2017-07-30,28.5,24.8,14.8,61
2017-07-31,27.7,25.2,14.6,61
2017-08-01,28.4,24.8,4.3,55
2017-08-02,27.6,25.5,5.3,53
2017-08-03,27.3,24.6,17.2,63
2017-08-04,27.5,24.9,17.3,63
2017-08-05,26.8,24.8,34.5,63
2017-08-06,26.4,24.9,30.9,63
2017-08-07,27.0,24.9,22.8,63
2017-08-08,28.0,24.9,13.9,63
2017-08-09,27.1,24.4,21.4,63
2017-08-10,27.5,24.5,20.4,63
2017-08-11,26.1,24.2,21.4,63
2017-08-12,28.2,24.4,3.2,55
2017-08-13,27.5,24.9,2.1,51
2017-08-14,28.7,24.6,4.2,53
2017-08-15,27.9,24.5,5.6,55
2017-08-16,27.1,24.3,17.1,63
2017-08-17,27.6,24.2,12.9,61
2017-08-18,26.7,25.1,28.9,63
2017-08-19,26.3,24.8,13.2,61
2017-08-20,27.1,24.6,61.9,65
2017-08-21,26.2,24.5,21.9,63
2017-08-22,26.3,23.8,41.2,63
2017-08-23,27.2,24.5,5.3,55
2017-08-24,28.3,25.4,4.0,53
2017-08-25,28.0,25.2,5.1,53
2017-08-26,27.4,24.8,9.4,61
2017-08-27,27.2,24.7,14.5,61
2017-08-28,26.1,24.8,34.8,63
2017-08-29,25.7,24.8,38.9,63
2017-08-30,27.5,24.8,13.8,61
2017-08-31,28.6,24.3,1.9,53
2017-09-01,28.5,25.2,3.0,53
2017-09-02,28.7,24.7,8.0,61
2017-09-03,27.4,24.5,9.3,61
2017-09-04,28.1,24.1,11.2,63
2017-09-05,28.8,24.6,20.4,63
2017-09-06,27.5,23.9,19.6,63
2017-09-07,28.1,24.6,13.2,63
2017-09-08,27.2,24.4,7.4,61
2017-09-09,27.1,24.9,8.6,63
2017-09-10,28.6,24.4,3.4,53
2017-09-11,28.4,25.0,5.5,55
2017-09-12,28.4,24.8,5.0,63
2017-09-13,28.9,24.9,30.8,65
2017-09-14,27.4,24.9,18.7,63
2017-09-15,28.4,24.5,15.2,65
2017-09-16,27.1,24.8,19.1,63
2017-09-17,26.6,24.9,44.5,63
2017-09-18,27.2,24.3,16.9,61
2017-09-19,27.2,24.8,7.9,55
2017-09-20,28.3,24.6,6.0,55
2017-09-21,27.5,24.5,6.5,53
2017-09-22,28.8,24.4,3.5,53
2017-09-23,29.0,24.4,0.7,51
2017-09-24,28.8,24.9,1.2,51
2017-09-25,28.1,24.8,3.5,53
2017-09-26,28.1,24.7,17.1,63
2017-09-27,26.8,24.9,14.9,63
2017-09-28,26.9,25.0,16.0,63
2017-09-29,27.7,24.9,13.8,61
2017-09-30,28.7,24.8,4.9,53
2017-10-01,27.9,24.8,5.0,53
2017-10-02,28.3,24.3,10.1,61
2017-10-03,29.1,24.2,1.9,51
2017-10-04,28.8,25.2,5.4,55
2017-10-05,28.3,24.7,18.2,63
2017-10-06,28.0,24.2,20.2,63
2017-10-07,28.4,24.8,11.3,63
2017-10-08,28.5,24.6,11.3,61
2017-10-09,28.9,24.3,0.9,51
2017-10-10,29.4,25.5,3.0,53
2017-10-11,29.1,25.2,8.0,61
2017-10-12,27.9,24.6,13.8,63
2017-10-13,27.3,24.6,12.2,63
2017-10-14,26.8,25.0,25.5,63
2017-10-15,27.8,24.3,11.0,61
2017-10-16,28.6,24.8,11.2,61
2017-10-17,26.9,24.2,19.2,63
2017-10-18,26.7,23.6,12.9,61
2017-10-19,28.9,24.0,14.3,65
2017-10-20,28.4,24.8,3.8,53
2017-10-21,26.1,24.2,58.0,65
2017-10-22,28.7,24.0,4.6,53
2017-10-23,29.6,24.4,0.0,3
2017-10-24,28.9,23.7,0.0,3
2017-10-25,29.0,24.1,0.0,3
2017-10-26,28.6,24.8,9.7,63
2017-10-27,29.0,24.0,14.4,63
2017-10-28,28.2,23.9,10.5,61
2017-10-29,28.5,24.3,1.6,53
2017-10-30,29.0,24.1,9.5,63
2017-10-31,27.6,24.8,1.1,51
2017-11-01,28.6,24.9,9.0,63
2017-11-02,28.3,24.8,9.4,63
2017-11-03,30.2,24.5,1.6,53
2017-11-04,28.7,24.9,6.4,61
2017-11-05,29.0,24.9,8.2,63
2017-11-06,28.7,24.2,3.2,61
2017-11-07,27.6,24.5,4.4,61
2017-11-08,28.5,24.2,14.2,63
2017-11-09,28.5,23.6,6.1,61
2017-11-10,28.5,23.8,0.6,51
2017-11-11,29.0,24.1,0.9,51
2017-11-12,28.6,24.2,1.1,53
2017-11-13,29.2,24.1,2.0,53
2017-11-14,29.2,24.2,0.1,51
2017-11-15,29.0,24.3,1.2,51
2017-11-16,28.6,23.8,0.3,51
2017-11-17,29.0,23.9,0.1,51
2017-11-18,29.2,24.5,1.5,53
2017-11-19,28.7,24.6,13.4,63
2017-11-20,28.8,24.5,5.7,61
2017-11-21,28.9,24.5,1.5,51
2017-11-22,28.7,24.8,4.6,61
2017-11-23,28.9,24.0,0.6,51
2017-11-24,28.8,24.6,0.0,3
2017-11-25,28.7,24.9,1.6,53
2017-11-26,28.6,25.2,2.0,61
2017-11-27,28.2,24.6,11.1,63
2017-11-28,28.7,24.6,0.3,51
2017-11-29,29.4,24.8,0.1,51
2017-11-30,28.9,25.3,14.4,63
2017-12-01,28.2,24.5,15.3,61
2017-12-02,29.1,24.0,3.0,55
2017-12-03,29.0,23.9,0.3,51
2017-12-04,30.2,24.0,0.2,51
2017-12-05,28.5,24.6,0.8,51
2017-12-06,28.6,24.3,0.4,51
2017-12-07,28.1,24.3,1.0,53
2017-12-08,28.5,24.5,3.5,55
2017-12-09,28.6,24.0,1.0,53
2017-12-10,28.8,24.2,1.4,53
2017-12-11,28.6,24.5,1.3,51
2017-12-12,27.8,24.6,1.3,51
2017-12-13,27.7,24.2,2.9,61
2017-12-14,28.4,24.1,2.6,61
2017-12-15,29.0,23.8,0.0,3
2017-12-16,29.7,24.4,0.0,3
2017-12-17,30.3,23.6,0.0,3
2017-12-18,28.4,22.9,0.0,2
2017-12-19,28.5,22.5,0.0,3
2017-12-20,29.9,24.1,0.0,3
2017-12-21,29.1,23.6,0.3,51
2017-12-22,29.9,24.8,0.0,2
2017-12-23,29.0,23.9,0.0,2
2017-12-24,29.0,23.8,0.4,51
2017-12-25,28.6,23.2,0.0,2
2017-12-26,29.4,23.1,0.0,3
2017-12-27,29.6,24.0,0.0,3
2017-12-28,30.7,22.4,0.0,2
2017-12-29,29.3,22.0,0.0,2
2017-12-30,29.8,21.9,0.0,3
2017-12-31,28.7,23.0,0.0,3
2018-01-01,28.8,22.9,0.9,53
2018-01-02,28.6,22.9,0.5,51
2018-01-03,28.3,23.4,0.3,51
2018-01-04,29.5,23.4,0.0,3
2018-01-05,28.2,23.2,1.3,53
2018-01-06,28.7,22.9,0.3,51
2018-01-07,28.2,23.1,0.3,51
2018-01-08,28.9,22.8,0.5,51
2018-01-09,29.2,22.8,0.0,3
2018-01-10,29.9,24.5,1.5,53
2018-01-11,30.0,24.0,0.6,53
2018-01-12,29.7,24.2,0.0,3
2018-01-13,29.9,24.8,0.4,51
2018-01-14,31.2,23.6,0.2,51
2018-01-15,30.5,22.5,0.0,2
2018-01-16,30.0,22.5,0.0,3
2018-01-17,29.4,23.8,1.8,61
2018-01-18,29.8,23.8,0.5,51
2018-01-19,30.8,23.5,0.8,51
2018-01-20,29.5,22.6,0.3,51
2018-01-21,28.7,23.0,0.0,3
2018-01-22,28.8,22.8,0.5,53
2018-01-23,28.7,23.6,2.1,53
2018-01-24,29.4,23.4,0.9,51
2018-01-25,29.6,24.1,0.1,51
2018-01-26,28.9,24.1,0.4,51
2018-01-27,29.6,23.5,0.7,51
2018-01-28,29.1,24.2,0.4,51
2018-01-29,29.5,24.3,0.0,3
2018-01-30,30.1,23.1,0.0,3
2018-01-31,30.3,23.0,0.0,3
2018-02-01,30.4,23.3,0.0,3
2018-02-02,30.0,23.2,0.0,0
2018-02-03,31.6,23.4,0.0,2
2018-02-04,29.9,23.1,0.0,2
2018-02-05,30.6,23.3,0.0,1
2018-02-06,30.8,24.3,1.8,61
2018-02-07,29.5,24.6,1.6,53
2018-02-08,29.4,24.5,1.3,53
2018-02-09,30.2,24.6,6.3,63
2018-02-10,29.9,24.1,0.2,51
2018-02-11,29.5,25.1,3.3,55
2018-02-12,28.7,23.8,1.6,53
2018-02-13,29.9,24.7,0.6,51
2018-02-14,30.0,24.3,0.0,3
2018-02-15,31.0,23.8,0.0,1
2018-02-16,31.3,23.9,0.0,3
2018-02-17,30.6,24.6,0.0,3
2018-02-18,29.8,25.0,0.7,51
2018-02-19,30.5,24.7,0.1,51
2018-02-20,30.7,23.8,0.4,51
2018-02-21,30.6,24.9,0.0,3
2018-02-22,30.6,25.0,0.3,51
2018-02-23,30.7,24.1,0.5,51
2018-02-24,31.4,24.6,0.6,53
2018-02-25,32.3,24.7,0.0,2
2018-02-26,32.3,24.7,0.0,3
2018-02-27,32.2,25.1,0.0,3
2018-02-28,32.4,25.6,1.1,55
2018-03-01,32.1,25.7,0.0,2
2018-03-02,31.4,25.8,1.7,53
2018-03-03,31.9,25.1,0.1,51
2018-03-04,31.5,25.6,0.2,51
2018-03-05,31.4,25.5,1.0,53
2018-03-06,31.4,25.8,0.1,51
2018-03-07,30.7,25.8,0.6,51
2018-03-08,30.6,25.2,1.4,53
2018-03-09,31.7,25.2,2.6,55
2018-03-10,32.5,24.9,0.4,51
2018-03-11,32.8,24.5,0.0,3
2018-03-12,33.5,25.3,0.0,3
2018-03-13,32.9,26.5,7.0,61
2018-03-14,32.9,26.1,4.8,63
2018-03-15,30.2,24.8,11.4,63
2018-03-16,29.9,24.7,9.2,61
2018-03-17,30.7,24.6,4.9,63
2018-03-18,30.2,25.2,12.1,63
2018-03-19,30.0,24.5,3.1,55
2018-03-20,30.4,25.4,0.3,51
2018-03-21,30.8,25.6,1.2,53
2018-03-22,31.4,25.0,0.8,51
2018-03-23,31.2,26.4,3.4,61
2018-03-24,31.8,26.8,0.0,2
2018-03-25,31.8,26.0,0.0,3
2018-03-26,31.1,26.2,0.1,51
2018-03-27,31.1,25.8,3.5,61
2018-03-28,30.9,25.2,0.9,51
2018-03-29,31.6,25.2,3.9,61
2018-03-30,31.4,25.6,0.6,51
2018-03-31,31.8,27.6,0.3,51
2018-04-01,31.9,26.1,4.6,61
2018-04-02,30.8,25.6,4.3,63
2018-04-03,31.3,24.6,12.4,65
2018-04-04,31.1,24.3,3.2,61
2018-04-05,30.8,25.3,1.9,53
2018-04-06,30.5,25.4,0.1,51
2018-04-07,31.5,24.9,2.2,55
2018-04-08,31.0,24.6,2.5,61
2018-04-09,31.2,25.3,2.2,61
2018-04-10,30.6,26.1,2.3,55
2018-04-11,31.4,25.5,8.5,61
2018-04-12,31.1,24.6,7.0,63
2018-04-13,30.4,25.1,13.9,63
2018-04-14,30.3,25.5,8.4,63
2018-04-15,30.0,25.2,5.8,61
2018-04-16,31.4,25.4,7.6,61
2018-04-17,30.7,25.1,5.4,61
2018-04-18,30.5,26.1,7.3,63
2018-04-19,30.5,26.0,4.3,55
2018-04-20,29.9,24.7,22.3,63
2018-04-21,30.7,25.7,5.9,63
2018-04-22,29.9,24.8,8.0,63
2018-04-23,31.1,25.1,7.5,63
2018-04-24,31.0,25.5,13.8,65
2018-04-25,30.6,26.1,0.3,51
2018-04-26,31.9,26.8,0.7,53
2018-04-27,31.5,27.1,0.6,51
2018-04-28,31.0,26.3,1.4,53
2018-04-29,30.4,26.3,5.7,63
2018-04-30,31.1,26.1,1.3,51
2018-05-01,31.0,26.8,2.5,53
2018-05-02,31.1,26.3,2.9,53
2018-05-03,31.3,25.6,9.3,63
2018-05-04,30.6,25.3,8.4,63
2018-05-05,30.5,25.5,16.4,63
2018-05-06,29.7,25.8,6.5,63
2018-05-07,30.5,25.9,5.1,61
2018-05-08,30.1,25.3,20.3,63
2018-05-09,30.2,24.8,29.3,63
2018-05-10,30.4,25.4,13.1,65
2018-05-11,30.6,25.8,10.6,63
2018-05-12,29.2,24.8,10.6,63
2018-05-13,30.1,25.0,7.0,61
2018-05-14,30.1,24.9,2.2,61
2018-05-15,30.5,25.5,5.2,63
2018-05-16,29.4,24.9,2.4,53
2018-05-17,30.0,25.2,14.3,63
2018-05-18,29.3,24.6,15.9,63
2018-05-19,29.9,25.4,4.2,61
2018-05-20,30.2,25.2,13.9,63
2018-05-21,29.5,25.2,10.7,63
2018-05-22,30.0,25.6,21.0,63
2018-05-23,28.6,25.2,25.3,63
2018-05-24,31.0,24.5,18.7,63
2018-05-25,28.5,24.5,56.4,65
2018-05-26,29.6,24.6,20.6,65
2018-05-27,28.5,24.9,49.2,65
2018-05-28,29.3,24.9,34.7,65
2018-05-29,29.4,26.4,20.1,63
2018-05-30,28.4,25.4,13.2,63
2018-05-31,29.8,25.4,4.7,53
2018-06-01,28.5,25.4,10.3,63
2018-06-02,28.3,25.5,27.2,65
2018-06-03,27.6,24.7,23.7,63
2018-06-04,28.3,25.0,27.0,63
2018-06-05,28.4,24.3,14.0,63
2018-06-06,28.2,25.3,18.3,63
2018-06-07,28.1,25.6,23.7,63
2018-06-08,29.7,25.8,15.5,61
2018-06-09,28.2,26.0,25.3,63
2018-06-10,28.1,26.0,17.2,61
2018-06-11,27.6,25.7,21.5,61
2018-06-12,27.6,25.6,15.3,61
2018-06-13,27.3,25.3,29.4,63
2018-06-14,27.1,25.2,35.3,63
2018-06-15,27.3,25.2,23.2,63
2018-06-16,27.4,25.1,13.5,63
2018-06-17,28.1,25.3,11.2,61
2018-06-18,27.6,24.4,11.0,55
2018-06-19,27.7,24.0,24.9,63
2018-06-20,27.2,24.8,20.2,63
2018-06-21,27.1,25.0,23.5,63
2018-06-22,27.4,25.0,19.6,63
2018-06-23,26.8,24.6,23.6,63
2018-06-24,27.7,24.7,9.9,61
2018-06-25,26.9,24.8,26.4,63
2018-06-26,27.6,24.7,7.4,55
2018-06-27,27.1,25.0,17.2,61
2018-06-28,27.1,24.5,17.6,61
2018-06-29,26.6,24.3,14.5,61
2018-06-30,26.8,24.3,18.0,63
2018-07-01,28.0,24.5,9.4,61
2018-07-02,27.7,24.6,15.7,63
2018-07-03,28.0,24.1,2.5,51
2018-07-04,28.3,25.0,4.7,55
2018-07-05,28.0,24.9,3.0,53
2018-07-06,28.7,25.0,4.9,53
2018-07-07,28.5,25.3,11.8,61
2018-07-08,26.5,24.8,15.4,61
2018-07-09,26.4,24.9,22.2,63
2018-07-10,26.8,24.7,32.2,63
2018-07-11,26.7,24.7,24.8,61
2018-07-12,28.0,24.1,12.8,61
2018-07-13,26.9,25.1,14.9,63
2018-07-14,27.8,25.1,24.8,63
2018-07-15,26.3,24.8,49.1,65
2018-07-16,27.2,24.7,34.2,63
2018-07-17,27.6,24.6,19.3,63
2018-07-18,26.5,24.0,23.0,63
2018-07-19,25.8,24.2,31.9,63
2018-07-20,26.1,24.5,21.3,61
2018-07-21,27.6,24.7,7.8,61
2018-07-22,27.6,25.2,6.8,61
2018-07-23,27.9,24.9,15.3,63
2018-07-24,27.5,24.6,16.2,61
2018-07-25,27.1,25.0,12.2,61
2018-07-26,27.4,24.5,15.3,63
2018-07-27,27.7,24.5,7.3,61
2018-07-28,28.1,24.7,8.8,61
2018-07-29,27.5,24.2,8.3,61
2018-07-30,27.2,24.5,17.0,61
2018-07-31,26.5,23.6,17.6,63
2018-08-01,27.0,23.7,4.5,53
2018-08-02,27.5,24.3,6.6,55
2018-08-03,27.0,24.7,6.3,55
2018-08-04,27.2,24.9,3.9,53
2018-08-05,28.3,25.1,3.9,53
2018-08-06,27.8,24.5,5.2,55
2018-08-07,26.5,24.5,17.4,63
2018-08-08,25.6,24.1,32.5,63
2018-08-09,27.3,23.8,17.1,63
2018-08-10,26.8,24.1,13.4,61
2018-08-11,26.0,24.4,11.6,55
2018-08-12,26.3,23.5,21.5,63
2018-08-13,27.5,22.9,22.4,61
2018-08-14,26.2,23.4,46.0,63
2018-08-15,24.9,24.1,104.9,65
2018-08-16,26.3,24.2,59.2,63
2018-08-17,26.0,23.9,26.5,63
2018-08-18,26.4,24.3,19.5,61
2018-08-19,26.5,24.3,14.0,61
2018-08-20,26.6,24.3,6.5,55
2018-08-21,26.9,24.0,4.4,53
2018-08-22,27.9,24.2,2.2,53
2018-08-23,27.4,24.4,1.6,51
2018-08-24,27.3,24.8,0.8,51
2018-08-25,27.5,24.6,0.8,51
2018-08-26,27.1,24.9,3.6,55
2018-08-27,26.6,24.6,5.9,53
2018-08-28,26.6,23.9,6.0,61
2018-08-29,26.5,24.1,3.1,53
2018-08-30,26.9,24.4,2.2,53
2018-08-31,27.0,24.3,3.6,61
2018-09-01,27.4,24.5,1.5,51
2018-09-02,27.4,24.1,2.2,51
2018-09-03,27.6,24.2,2.4,53
2018-09-04,27.4,24.3,1.1,51
2018-09-05,27.5,24.3,3.4,53
2018-09-06,27.8,24.1,5.2,53
2018-09-07,28.1,24.6,2.0,53
2018-09-08,28.0,24.2,1.9,51
2018-09-09,28.3,24.2,0.1,51
2018-09-10,28.3,24.2,0.4,51
2018-09-11,28.0,24.6,0.0,3
2018-09-12,28.4,25.1,0.2,51
2018-09-13,28.3,24.9,1.5,51
2018-09-14,28.5,24.7,0.0,3
2018-09-15,28.6,24.6,0.0,3
2018-09-16,28.3,24.6,1.3,53
2018-09-17,27.5,24.9,7.4,61
2018-09-18,27.9,24.7,5.3,53
2018-09-19,27.3,24.7,4.0,53
2018-09-20,27.6,24.2,8.0,61
2018-09-21,28.5,24.0,1.5,51
2018-09-22,29.2,24.0,1.4,51
2018-09-23,28.9,24.8,1.6,53
2018-09-24,28.9,23.8,6.8,61
2018-09-25,29.2,24.2,0.1,51
2018-09-26,29.5,25.1,5.1,61
2018-09-27,29.3,24.5,2.5,61
2018-09-28,29.0,24.7,9.6,63
2018-09-29,28.5,24.4,5.9,61
2018-09-30,28.6,24.5,3.8,55
2018-10-01,28.0,24.5,12.2,61
2018-10-02,28.7,24.8,5.6,61
2018-10-03,28.7,24.9,11.8,63
2018-10-04,28.5,24.4,5.4,61
2018-10-05,28.2,24.5,5.1,61
2018-10-06,27.8,24.9,18.1,63
2018-10-07,28.4,24.6,3.6,53
2018-10-08,28.5,24.3,13.8,63
2018-10-09,28.4,24.5,9.6,61
2018-10-10,28.2,24.2,8.7,61
2018-10-11,29.1,24.3,4.6,63
2018-10-12,29.6,25.1,3.5,53
2018-10-13,28.6,24.5,7.5,61
2018-10-14,28.1,24.1,5.3,61
2018-10-15,28.1,24.3,6.2,63
2018-10-16,27.6,24.1,39.8,63
2018-10-17,28.2,23.4,6.7,61
2018-10-18,29.5,24.5,3.8,61
2018-10-19,28.2,23.8,3.5,55
2018-10-20,27.8,23.5,24.1,63
2018-10-21,28.6,24.4,6.5,63
2018-10-22,28.1,23.8,22.9,63
2018-10-23,28.8,23.8,0.7,51
2018-10-24,29.0,24.1,1.7,55
2018-10-25,29.1,24.2,0.8,53
2018-10-26,29.5,24.7,1.4,53
2018-10-27,29.3,25.0,0.0,2
2018-10-28,29.7,24.6,0.8,51
2018-10-29,29.0,24.5,0.3,51
2018-10-30,29.6,24.5,0.0,3
2018-10-31,29.5,25.1,2.4,53
2018-11-01,28.8,24.3,3.5,53
2018-11-02,29.1,24.5,11.4,63
2018-11-03,27.9,24.7,15.2,63
2018-11-04,29.8,24.4,0.0,3
2018-11-05,29.7,25.3,4.0,61
2018-11-06,29.5,24.5,3.3,61
2018-11-07,28.8,24.3,0.3,51
2018-11-08,28.7,24.5,0.3,51
2018-11-09,28.4,24.0,7.7,63
2018-11-10,28.8,24.2,1.8,53
2018-11-11,28.6,24.1,1.0,51
2018-11-12,28.6,23.9,2.3,53
2018-11-13,28.3,24.8,2.3,51
2018-11-14,29.5,24.9,0.3,51
2018-11-15,29.3,24.7,0.1,51
2018-11-16,27.8,24.7,79.5,65
2018-11-17,29.9,24.1,1.5,51
2018-11-18,29.7,24.5,2.6,55
2018-11-19,28.7,24.2,28.4,65
2018-11-20,28.3,24.2,1.9,51
2018-11-21,28.7,25.0,1.2,51
2018-11-22,29.1,25.0,2.4,55
2018-11-23,28.2,25.2,11.9,63
2018-11-24,28.6,24.6,11.1,63
2018-11-25,28.8,24.3,0.6,51
2018-11-26,29.3,24.5,0.3,51
2018-11-27,29.6,24.2,0.0,1
2018-11-28,30.3,23.3,0.0,3
2018-11-29,29.3,24.7,8.7,63
2018-11-30,28.9,24.3,5.1,61
2018-12-01,30.8,24.7,4.8,63
2018-12-02,28.8,24.4,0.1,51
2018-12-03,29.4,24.1,0.1,51
2018-12-04,29.4,24.4,3.3,61
2018-12-05,29.0,24.5,1.0,51
2018-12-06,29.0,25.0,3.7,61
2018-12-07,28.9,25.2,3.2,61
2018-12-08,30.0,24.8,0.0,3
2018-12-09,29.5,24.3,0.3,51
2018-12-10,28.9,24.0,1.1,53
2018-12-11,29.3,24.0,0.0,3
2018-12-12,29.4,24.0,0.4,51
2018-12-13,29.2,24.4,0.6,53
2018-12-14,28.6,24.4,3.0,55
2018-12-15,29.0,24.3,0.1,51
2018-12-16,28.5,23.5,1.5,53
2018-12-17,28.8,23.9,0.8,51
2018-12-18,28.8,23.3,0.0,3
2018-12-19,29.1,24.0,1.3,51
2018-12-20,28.8,23.9,0.3,51
2018-12-21,29.8,24.7,0.0,3
2018-12-22,29.0,24.3,0.2,51
2018-12-23,29.3,24.6,3.0,61
2018-12-24,29.5,24.2,3.0,61
2018-12-25,29.7,24.6,0.9,53
2018-12-26,29.6,25.0,0.6,51
2018-12-27,29.1,24.4,3.2,61
2018-12-28,28.5,23.8,5.2,61
2018-12-29,28.3,23.7,5.4,55
2018-12-30,28.7,24.7,0.5,51
2018-12-31,29.5,23.6,0.0,1
2019-01-01,30.1,22.9,0.0,0
2019-01-02,29.4,21.3,0.0,3
2019-01-03,31.1,20.9,0.0,3
2019-01-04,29.5,21.4,0.0,0
2019-01-05,29.1,21.0,0.0,3
2019-01-06,28.3,21.3,0.0,3
2019-01-07,28.6,21.2,0.0,3
2019-01-08,31.0,22.0,0.0,0
2019-01-09,30.2,22.3,0.0,0
2019-01-10,30.5,21.3,0.0,0
2019-01-11,29.7,22.6,0.0,1
2019-01-12,30.9,22.2,0.0,3
2019-01-13,30.2,23.1,0.0,3
2019-01-14,30.2,21.8,0.0,3
2019-01-15,30.2,23.0,0.0,3
2019-01-16,31.4,23.1,0.0,3
2019-01-17,32.8,22.6,0.0,2
2019-01-18,29.4,21.9,0.0,3
2019-01-19,29.1,22.4,0.0,3
2019-01-20,29.6,21.9,0.0,3
2019-01-21,29.6,20.7,0.0,3
2019-01-22,29.7,21.3,0.0,3
2019-01-23,29.5,21.9,0.0,3
2019-01-24,29.3,23.7,0.5,51
2019-01-25,28.8,24.1,2.0,53
2019-01-26,29.0,23.9,0.1,51
2019-01-27,29.7,24.2,1.2,51
2019-01-28,29.5,23.8,0.9,51
2019-01-29,30.4,24.4,0.1,51
2019-01-30,30.4,24.3,0.2,51
2019-01-31,31.3,24.0,0.6,53
2019-02-01,30.2,23.3,1.4,55
2019-02-02,31.1,23.2,0.0,3
2019-02-03,30.5,23.8,0.8,53
2019-02-04,31.3,23.8,0.0,2
2019-02-05,31.7,24.6,0.0,2
2019-02-06,30.7,24.8,2.9,61
2019-02-07,29.8,24.5,3.1,61
2019-02-08,29.7,25.0,0.9,51
2019-02-09,30.1,25.0,1.4,53
2019-02-10,28.9,23.9,12.6,63
2019-02-11,31.0,24.7,0.3,51
2019-02-12,31.1,24.6,0.0,3
2019-02-13,30.3,24.7,0.3,51
2019-02-14,30.0,24.2,0.0,3
2019-02-15,30.7,25.0,0.6,51
2019-02-16,30.8,25.1,1.0,51
2019-02-17,30.3,24.8,1.7,53
2019-02-18,30.7,25.4,0.0,3
2019-02-19,30.3,24.7,0.3,51
2019-02-20,31.6,25.6,1.6,53
2019-02-21,32.6,25.2,0.3,51
2019-02-22,32.4,23.8,0.0,3
2019-02-23,31.9,23.6,0.0,3
2019-02-24,33.0,24.1,0.0,3
2019-02-25,31.2,24.6,0.0,3
2019-02-26,31.3,25.2,0.1,51
2019-02-27,31.1,25.8,0.6,51
2019-02-28,31.4,26.4,1.2,53
2019-03-01,31.3,24.9,0.0,3
2019-03-02,30.3,25.6,2.7,55
2019-03-03,30.2,24.7,16.6,65
2019-03-04,31.0,25.2,0.0,3
2019-03-05,31.1,25.8,0.0,3
2019-03-06,31.3,26.5,0.2,51
2019-03-07,31.0,25.7,0.0,2
2019-03-08,30.8,26.8,0.3,51
2019-03-09,31.2,25.5,5.3,61
2019-03-10,31.1,24.6,6.8,63
2019-03-11,30.6,25.2,0.4,51
2019-03-12,30.5,25.4,0.3,51
2019-03-13,31.4,24.7,0.0,3
2019-03-14,31.3,25.1,0.0,2
2019-03-15,31.7,25.3,0.0,3
2019-03-16,32.1,25.2,0.0,3
2019-03-17,32.0,25.4,0.0,3
2019-03-18,31.6,26.2,0.5,51
2019-03-19,31.7,26.2,0.7,51
2019-03-20,30.6,26.0,3.1,53
2019-03-21,31.5,24.6,0.2,51
2019-03-22,31.6,26.0,0.7,51
2019-03-23,31.4,26.3,0.9,51
2019-03-24,32.1,26.5,0.2,51
2019-03-25,32.4,26.3,0.7,51
2019-03-26,32.2,25.8,0.4,51
2019-03-27,31.4,26.4,3.3,53
2019-03-28,32.3,26.2,1.3,53
2019-03-29,32.1,25.9,0.7,53
2019-03-30,31.8,25.8,3.9,55
2019-03-31,31.2,24.8,0.8,53
2019-04-01,31.6,26.2,0.4,51
2019-04-02,32.0,26.3,0.1,51
2019-04-03,32.1,27.0,2.6,53
2019-04-04,31.8,26.5,0.8,51
2019-04-05,31.5,26.0,0.2,51
2019-04-06,31.1,26.2,2.0,53
2019-04-07,32.1,26.7,1.4,51
2019-04-08,32.2,26.2,3.4,55
2019-04-09,31.9,25.5,3.0,55
2019-04-10,32.0,25.2,1.5,53
2019-04-11,32.1,26.5,1.0,53
2019-04-12,32.7,26.4,0.1,51
2019-04-13,32.9,26.7,1.7,53
2019-04-14,32.6,26.4,1.3,53
2019-04-15,31.8,26.4,0.4,51
2019-04-16,32.2,25.9,1.8,61
2019-04-17,30.7,25.8,5.3,61
2019-04-18,31.7,25.1,17.3,63
2019-04-19,31.0,24.9,4.2,61
2019-04-20,31.0,25.1,21.3,63
2019-04-21,30.6,24.8,12.1,63
2019-04-22,31.5,26.5,0.4,51
2019-04-23,31.0,25.9,1.4,53
2019-04-24,31.4,27.2,0.1,51
2019-04-25,31.2,26.4,2.3,61
2019-04-26,31.4,27.1,1.3,51
2019-04-27,31.6,27.4,1.4,51
2019-04-28,31.0,27.7,4.2,55
2019-04-29,30.3,27.0,8.7,61
2019-04-30,30.0,25.1,11.4,63
2019-05-01,30.2,24.7,6.4,61
2019-05-02,31.1,26.3,3.5,53
2019-05-03,31.5,28.0,0.4,51
2019-05-04,31.2,26.4,0.1,51
2019-05-05,31.4,26.8,0.3,51
2019-05-06,31.9,26.9,0.8,51
2019-05-07,31.1,26.7,2.9,55
2019-05-08,30.4,27.1,0.9,51
2019-05-09,30.5,25.4,2.4,53
2019-05-10,31.4,26.6,0.0,3
2019-05-11,31.4,27.1,2.5,53
2019-05-12,30.8,26.7,9.7,63
2019-05-13,30.9,26.0,2.1,53
2019-05-14,30.8,27.4,0.7,51
2019-05-15,30.0,27.5,5.3,61
2019-05-16,30.8,26.4,2.2,53
2019-05-17,30.7,27.0,4.3,53
2019-05-18,30.9,26.6,0.9,51
2019-05-19,30.6,26.5,2.1,55
2019-05-20,30.5,26.7,0.7,51
2019-05-21,30.8,27.0,3.1,61
2019-05-22,31.3,26.9,1.8,53
2019-05-23,30.5,25.1,14.5,63
2019-05-24,29.7,25.3,25.4,63
2019-05-25,30.0,25.0,7.8,63
2019-05-26,30.4,26.1,7.9,61
2019-05-27,30.5,25.6,4.0,55
2019-05-28,31.4,26.2,3.4,61
2019-05-29,30.4,26.3,15.6,63
2019-05-30,30.9,25.8,5.3,63
2019-05-31,30.0,25.1,31.3,63
2019-06-01,30.3,25.5,1.8,53
2019-06-02,30.0,26.4,13.9,63
2019-06-03,29.0,26.2,9.0,61
2019-06-04,29.4,25.4,16.8,63
2019-06-05,30.4,24.5,30.0,63
2019-06-06,28.9,25.4,11.0,61
2019-06-07,29.5,26.1,8.9,63
2019-06-08,30.1,25.4,7.8,61
2019-06-09,28.7,25.3,38.3,65
2019-06-10,27.9,24.6,19.0,63
2019-06-11,28.7,26.3,14.4,61
2019-06-12,29.0,25.7,31.8,63
2019-06-13,29.2,25.4,21.1,63
2019-06-14,28.1,25.1,10.7,61
2019-06-15,28.9,26.0,10.3,61
2019-06-16,29.5,26.0,5.0,61
2019-06-17,29.2,26.2,7.5,63
2019-06-18,28.6,25.9,6.3,61
2019-06-19,28.4,25.6,17.2,63
2019-06-20,27.6,25.4,21.9,63
2019-06-21,27.7,25.5,27.6,63
2019-06-22,27.2,25.6,31.8,63
2019-06-23,28.1,25.7,18.3,61
2019-06-24,28.0,25.8,10.2,55
2019-06-25,28.1,25.7,10.4,55
2019-06-26,28.1,25.6,6.5,53
2019-06-27,29.6,25.5,3.9,53
2019-06-28,29.9,26.9,1.8,51
2019-06-29,29.8,26.3,4.4,53
2019-06-30,29.5,25.8,7.8,53
2019-07-01,29.1,25.6,5.6,55
2019-07-02,27.1,25.8,18.3,61
2019-07-03,28.0,25.8,8.0,53
2019-07-04,27.7,25.7,11.2,61
2019-07-05,27.9,25.3,10.5,55
2019-07-06,29.2,25.3,6.0,53
2019-07-07,29.1,26.1,5.1,53
2019-07-08,28.5,25.8,8.7,61
2019-07-09,27.5,24.8,11.8,61
2019-07-10,27.4,24.1,11.4,61
2019-07-11,29.2,24.7,4.4,63
2019-07-12,28.4,25.3,4.9,61
2019-07-13,28.9,25.0,5.7,61
2019-07-14,27.3,24.6,18.2,63
2019-07-15,27.3,25.0,25.3,63
2019-07-16,27.7,24.7,19.1,63
2019-07-17,27.3,25.0,27.6,63
2019-07-18,26.4,25.0,40.5,63
2019-07-19,25.8,25.0,100.4,65
2019-07-20,26.3,24.7,49.8,63
2019-07-21,26.5,24.4,49.2,63
2019-07-22,26.1,24.0,39.3,63
2019-07-23,25.8,23.4,27.8,63
2019-07-24,27.3,23.9,8.0,61
2019-07-25,27.2,24.7,8.6,61
2019-07-26,27.3,24.9,7.3,61
2019-07-27,27.7,24.3,1.3,51
2019-07-28,28.5,24.0,1.7,51
2019-07-29,27.8,24.8,2.0,51
2019-07-30,27.9,24.6,1.4,51
2019-07-31,28.3,24.9,3.5,53
2019-08-01,28.0,25.2,2.5,53
2019-08-02,27.8,25.3,5.0,53
2019-08-03,27.3,25.0,3.8,53
2019-08-04,27.5,25.4,10.4,55
2019-08-05,27.4,25.1,15.2,61
2019-08-06,28.0,25.5,21.2,63
2019-08-07,27.3,25.0,36.9,63
2019-08-08,26.2,24.9,34.5,63
2019-08-09,26.3,24.7,44.3,63
2019-08-10,25.6,24.4,40.6,63
2019-08-11,27.6,23.9,9.5,61
2019-08-12,26.8,23.9,22.6,63
2019-08-13,25.8,24.6,43.0,63
2019-08-14,26.0,24.7,48.9,63
2019-08-15,27.6,24.7,5.7,61
2019-08-16,27.6,24.5,18.0,63
2019-08-17,27.8,24.9,10.2,61
2019-08-18,27.5,24.4,7.9,61
2019-08-19,27.9,24.8,10.4,61
2019-08-20,27.3,24.2,10.7,61
2019-08-21,26.2,24.2,24.7,63
2019-08-22,26.0,23.6,34.1,63
2019-08-23,25.8,23.2,29.7,63
2019-08-24,25.8,23.2,18.4,61
2019-08-25,25.2,24.0,30.2,63
2019-08-26,25.8,23.9,43.3,63
2019-08-27,27.7,24.1,16.4,63
2019-08-28,27.6,24.6,17.1,63
2019-08-29,26.9,24.7,17.1,63
2019-08-30,27.1,24.6,7.5,61
2019-08-31,27.2,25.0,8.5,55
2019-09-01,26.5,24.8,12.9,55
2019-09-02,26.6,24.7,19.5,63
2019-09-03,27.3,24.4,13.6,61
2019-09-04,27.2,25.0,13.5,55
2019-09-05,27.2,24.9,18.3,61
2019-09-06,28.0,25.0,9.9,53
2019-09-07,28.0,25.0,9.3,55
2019-09-08,28.7,25.0,9.4,61
2019-09-09,28.8,25.0,7.7,55
2019-09-10,28.1,24.6,5.9,55
2019-09-11,27.5,25.0,14.4,61
2019-09-12,27.5,24.4,15.3,63
2019-09-13,27.9,24.5,16.4,63
2019-09-14,27.7,25.3,10.9,63
2019-09-15,27.8,25.0,9.5,55
2019-09-16,27.4,24.5,15.6,63
2019-09-17,27.6,25.0,13.3,63
2019-09-18,27.3,24.7,14.6,61
2019-09-19,27.3,24.8,14.6,63
2019-09-20,27.9,25.2,5.8,61
2019-09-21,29.1,24.7,2.3,53
2019-09-22,28.9,25.3,5.3,61
2019-09-23,28.1,25.2,16.5,61
2019-09-24,27.4,24.9,11.7,61
2019-09-25,26.4,24.7,32.1,63
2019-09-26,27.0,23.9,23.4,63
2019-09-27,29.5,24.1,0.0,3
2019-09-28,29.5,24.0,5.5,61
2019-09-29,29.3,24.0,15.6,63
2019-09-30,27.9,23.4,16.3,63
2019-10-01,28.6,24.1,1.3,51
2019-10-02,29.5,24.6,23.2,65
2019-10-03,28.8,23.5,26.1,63
2019-10-04,28.7,23.4,24.8,65
2019-10-05,29.3,24.7,7.1,61
2019-10-06,28.6,23.9,4.8,61
2019-10-07,28.2,24.2,4.6,61
2019-10-08,28.7,24.2,3.0,53
2019-10-09,28.7,24.9,2.1,51
2019-10-10,29.0,24.8,3.5,53
2019-10-11,29.1,24.9,7.6,63
2019-10-12,28.9,24.1,13.2,63
2019-10-13,29.1,24.4,12.7,61
2019-10-14,29.3,23.8,9.4,63
2019-10-15,29.0,24.6,3.1,61
2019-10-16,28.8,24.6,40.4,65
2019-10-17,28.9,24.4,14.9,63
2019-10-18,29.1,24.4,17.9,63
2019-10-19,29.1,24.0,4.4,61
2019-10-20,27.8,24.3,17.8,63
2019-10-21,26.5,23.9,119.4,65
2019-10-22,27.1,24.0,19.3,61
2019-10-23,28.3,24.1,20.1,63
2019-10-24,28.4,24.3,40.0,65
2019-10-25,28.7,23.7,8.5,55
2019-10-26,26.7,24.4,14.1,61
2019-10-27,29.1,24.1,2.0,53
2019-10-28,30.3,25.4,1.8,53
2019-10-29,29.2,24.7,0.0,3
2019-10-30,27.6,24.6,23.4,65
2019-10-31,26.3,23.3,79.5,65
2019-11-01,29.5,23.4,0.0,3
2019-11-02,29.2,23.5,0.2,51
2019-11-03,28.7,24.1,11.9,63
2019-11-04,29.0,24.1,9.1,61
2019-11-05,29.6,24.5,2.5,55
2019-11-06,28.7,24.6,2.4,53
2019-11-07,29.3,24.9,6.2,63
2019-11-08,28.7,25.1,6.8,55
2019-11-09,29.2,24.8,3.1,55
2019-11-10,28.9,24.3,15.5,63
2019-11-11,28.8,24.4,5.2,61
2019-11-12,29.1,24.2,0.6,51
2019-11-13,29.3,25.2,0.1,51
2019-11-14,29.6,24.9,0.0,3
2019-11-15,29.6,25.4,0.5,51
2019-11-16,28.7,25.2,5.8,61
2019-11-17,29.1,24.5,7.0,63
2019-11-18,29.4,25.0,2.7,61
2019-11-19,28.8,25.3,13.0,63
2019-11-20,29.3,24.9,17.1,63
2019-11-21,29.2,24.3,1.4,53
2019-11-22,29.4,24.8,1.5,55
2019-11-23,29.6,25.6,0.2,51
2019-11-24,30.2,25.3,1.3,51
2019-11-25,29.7,25.4,0.4,51
2019-11-26,29.6,25.7,0.1,51
2019-11-27,30.0,25.4,0.0,3
2019-11-28,30.8,25.7,0.1,51
2019-11-29,31.0,26.0,1.3,53
2019-11-30,29.3,25.4,16.9,63
2019-12-01,27.2,25.0,21.7,63
2019-12-02,29.5,24.6,2.2,61
2019-12-03,29.3,24.6,0.5,51
2019-12-04,30.4,24.6,0.0,3
2019-12-05,30.2,25.3,0.5,51
2019-12-06,30.3,24.5,0.0,3
2019-12-07,29.3,23.9,0.0,3
2019-12-08,30.5,24.7,0.1,51
2019-12-09,30.3,24.6,0.0,3
2019-12-10,30.0,24.8,0.0,3
2019-12-11,30.4,24.5,0.0,3
2019-12-12,29.3,24.8,1.8,53
2019-12-13,29.5,24.3,1.0,53
2019-12-14,28.7,24.9,2.0,53
2019-12-15,29.6,24.4,0.0,3
2019-12-16,29.6,24.2,0.0,3
2019-12-17,30.1,23.6,0.2,51
2019-12-18,30.0,24.2,0.0,3
2019-12-19,30.7,24.5,0.0,3
2019-12-20,29.4,24.9,0.7,51
2019-12-21,30.2,24.3,0.9,51
2019-12-22,32.0,24.1,0.0,3
2019-12-23,29.6,25.3,0.0,3
2019-12-24,29.3,24.8,0.2,51
2019-12-25,30.6,25.2,1.3,55
2019-12-26,30.1,25.5,0.8,51
2019-12-27,29.9,25.1,1.2,53
2019-12-28,30.0,25.4,0.7,51
2019-12-29,30.5,25.3,0.2,51
2019-12-30,30.3,24.4,0.5,51
2019-12-31,29.7,24.6,0.0,3
2020-01-01,29.8,25.3,0.4,51
2020-01-02,30.4,25.1,0.5,51
2020-01-03,31.0,25.6,0.2,51
2020-01-04,30.5,25.2,0.8,51
2020-01-05,30.2,25.1,1.2,53
2020-01-06,31.2,25.5,0.4,51
2020-01-07,31.1,25.5,0.0,3
2020-01-08,31.0,25.1,0.1,51
2020-01-09,30.2,24.6,0.6,51
2020-01-10,30.4,24.4,0.3,51
2020-01-11,32.0,23.7,0.0,3
2020-01-12,30.3,22.7,0.0,2
2020-01-13,30.6,23.0,0.2,51
2020-01-14,29.9,23.9,0.3,51
2020-01-15,29.6,23.9,0.0,3
2020-01-16,29.5,24.3,1.4,51
2020-01-17,29.6,23.8,0.4,51
2020-01-18,30.9,24.2,0.0,3
2020-01-19,30.5,25.5,1.4,53
2020-01-20,30.9,25.0,0.4,51
2020-01-21,31.2,24.2,0.5,51
2020-01-22,32.9,24.8,0.0,1
2020-01-23,32.6,25.5,0.0,2
2020-01-24,31.9,25.1,0.0,1
2020-01-25,31.2,24.4,0.0,3
2020-01-26,30.1,24.2,0.4,51
2020-01-27,30.1,24.3,0.3,51
2020-01-28,30.4,24.4,0.6,51
2020-01-29,31.1,24.8,0.4,51
2020-01-30,31.0,24.9,1.8,53
2020-01-31,31.1,25.0,0.3,51
2020-02-01,29.4,24.8,2.6,53
2020-02-02,28.9,24.4,4.2,53
2020-02-03,29.6,24.1,1.1,53
2020-02-04,30.6,23.9,0.7,51
2020-02-05,29.8,24.5,1.0,53
2020-02-06,30.1,24.6,1.7,53
2020-02-07,28.1,25.1,7.1,55
2020-02-08,29.6,24.6,0.0,3
2020-02-09,29.9,24.1,0.0,3
2020-02-10,30.8,24.7,0.0,3
2020-02-11,31.8,24.8,0.9,53
2020-02-12,31.5,24.4,0.0,2
2020-02-13,31.4,25.3,0.2,51
2020-02-14,31.0,24.9,0.0,3
2020-02-15,30.0,24.9,0.5,51
2020-02-16,31.1,25.7,0.3,51
2020-02-17,32.2,25.2,0.0,3
2020-02-18,31.1,24.6,0.0,3
2020-02-19,31.1,24.4,0.1,51
2020-02-20,30.9,24.0,0.0,0
2020-02-21,32.0,23.6,0.0,0
2020-02-22,34.0,25.9,0.0,3
2020-02-23,33.1,25.7,0.0,3
2020-02-24,32.6,24.8,0.0,3
2020-02-25,32.4,24.9,0.1,51
2020-02-26,32.2,25.3,0.2,51
2020-02-27,30.8,25.9,0.8,51
2020-02-28,30.7,24.9,3.4,61
2020-02-29,30.2,24.9,5.8,61
2020-03-01,29.9,25.7,1.3,51
2020-03-02,30.2,25.2,0.1,51
2020-03-03,29.2,24.6,5.6,55
2020-03-04,29.8,25.0,4.6,61
2020-03-05,29.4,25.2,9.4,61
2020-03-06,29.9,24.7,1.9,51
2020-03-07,29.4,25.2,2.8,53
2020-03-08,28.9,25.6,3.1,53
2020-03-09,29.6,26.0,2.4,51
2020-03-10,29.5,25.5,5.5,61
2020-03-11,29.7,25.8,24.7,65
2020-03-12,30.4,25.4,3.0,53
2020-03-13,30.4,25.1,0.8,51
2020-03-14,30.6,25.5,0.2,51
2020-03-15,30.8,25.8,0.4,51
2020-03-16,30.8,25.5,0.7,51
2020-03-17,31.0,25.7,0.5,51
2020-03-18,31.2,26.0,0.0,3
2020-03-19,31.3,26.5,0.9,53
2020-03-20,30.9,25.7,0.0,3
2020-03-21,31.3,24.9,26.2,65
2020-03-22,29.3,24.5,9.8,63
2020-03-23,30.0,25.4,1.2,53
2020-03-24,30.0,25.7,2.7,53
2020-03-25,28.7,24.4,3.4,55
2020-03-26,29.9,24.9,0.3,51
2020-03-27,29.9,25.7,0.1,51
2020-03-28,30.3,25.5,0.3,51
2020-03-29,29.7,25.5,2.0,53
2020-03-30,30.7,25.9,0.6,51
2020-03-31,30.9,25.9,0.9,51
2020-04-01,30.9,26.0,0.2,51
2020-04-02,31.3,26.1,0.0,3
2020-04-03,31.1,26.3,1.2,53
2020-04-04,31.0,25.6,0.5,51
2020-04-05,31.1,26.8,0.9,53
2020-04-06,30.7,25.3,4.8,61
2020-04-07,29.7,24.5,8.3,63
2020-04-08,30.7,25.9,10.9,63
2020-04-09,31.1,26.2,1.0,53
2020-04-10,31.4,25.2,1.6,53
2020-04-11,30.5,25.1,1.9,53
2020-04-12,30.6,26.2,0.4,51
2020-04-13,30.7,26.3,1.3,51
2020-04-14,31.0,26.3,3.8,61
2020-04-15,30.2,25.1,4.5,61
2020-04-16,30.8,25.7,0.8,51
2020-04-17,30.9,26.1,0.8,51
2020-04-18,31.1,26.4,0.8,51
2020-04-19,31.3,26.4,2.3,51
2020-04-20,31.4,26.3,0.4,51
2020-04-21,31.1,26.3,6.6,61
2020-04-22,30.7,26.2,8.0,61
2020-04-23,31.5,25.7,4.8,61
2020-04-24,30.9,26.1,7.4,61
2020-04-25,30.9,25.6,3.1,61
2020-04-26,31.7,26.2,9.6,65
2020-04-27,31.4,25.8,0.8,53
2020-04-28,31.9,25.7,11.5,63
2020-04-29,30.7,25.0,15.7,63
2020-04-30,31.3,26.6,6.5,61
2020-05-01,31.0,26.4,4.5,61
2020-05-02,31.1,26.4,8.5,63
2020-05-03,31.0,25.5,9.7,63
2020-05-04,31.3,26.1,0.2,51
2020-05-05,31.1,26.8,2.8,61
2020-05-06,30.6,26.5,4.1,63
2020-05-07,30.3,26.7,9.2,63
2020-05-08,30.2,26.2,1.7,53
2020-05-09,30.7,26.3,4.8,61
2020-05-10,30.7,26.0,2.8,55
2020-05-11,30.7,25.4,2.0,61
2020-05-12,30.2,26.5,7.2,63
2020-05-13,30.5,26.1,6.9,63
2020-05-14,30.9,25.7,14.3,63
2020-05-15,30.2,25.2,10.5,63
2020-05-16,30.4,24.9,7.5,61
2020-05-17,28.5,25.7,14.8,61
2020-05-18,27.5,24.9,39.6,63
2020-05-19,29.0,25.2,28.1,63
2020-05-20,29.9,26.1,9.9,61
2020-05-21,29.7,25.7,7.8,55
2020-05-22,29.3,25.6,3.6,53
2020-05-23,29.2,26.5,9.6,63
2020-05-24,30.0,26.1,6.5,61
2020-05-25,30.9,26.3,9.2,61
2020-05-26,30.5,25.3,14.3,65
2020-05-27,29.7,26.3,11.8,61
2020-05-28,28.4,25.6,22.1,63
2020-05-29,29.8,25.4,22.0,63
2020-05-30,29.9,25.1,25.9,63
2020-05-31,29.8,25.4,9.1,63
2020-06-01,28.9,25.0,16.7,63
2020-06-02,27.7,24.4,41.5,63
2020-06-03,28.3,25.9,13.7,63
2020-06-04,28.9,25.6,15.3,61
2020-06-05,27.6,25.5,17.6,61
2020-06-06,27.1,24.5,31.1,63
2020-06-07,27.1,24.1,46.1,63
2020-06-08,28.8,23.6,3.6,55
2020-06-09,28.2,24.8,7.4,61
2020-06-10,28.6,25.7,13.8,63
2020-06-11,27.4,24.9,11.6,61
2020-06-12,28.1,25.4,18.1,63
2020-06-13,28.6,25.9,14.6,63
2020-06-14,27.6,25.3,29.1,63
2020-06-15,28.4,25.2,12.3,63
2020-06-16,28.4,25.6,13.8,61
2020-06-17,28.0,25.7,11.4,61
2020-06-18,28.4,25.4,6.0,55
2020-06-19,27.5,25.5,16.5,61
2020-06-20,28.8,25.5,4.5,53
2020-06-21,28.4,25.4,27.2,63
2020-06-22,26.3,24.2,40.0,63
2020-06-23,29.1,24.1,5.5,61
2020-06-24,28.6,24.9,8.1,61
2020-06-25,28.4,24.7,16.2,63
2020-06-26,27.8,24.1,20.5,63
2020-06-27,27.3,25.2,14.6,61
2020-06-28,28.4,24.8,11.0,61
2020-06-29,27.3,25.2,30.6,63
2020-06-30,27.9,24.5,7.4,61
2020-07-01,27.7,25.0,16.1,61
2020-07-02,27.7,25.1,11.0,61
2020-07-03,26.6,24.0,30.2,63
2020-07-04,27.4,23.9,8.2,53
2020-07-05,29.0,25.4,9.8,55
2020-07-06,27.8,25.3,14.1,61
2020-07-07,27.9,24.3,9.5,61
2020-07-08,28.3,25.0,1.2,51
2020-07-09,28.2,24.4,7.9,61
2020-07-10,28.1,24.4,11.5,61
2020-07-11,27.8,24.5,12.0,63
2020-07-12,28.8,24.7,9.7,63
2020-07-13,28.3,24.9,17.2,63
2020-07-14,28.8,24.3,4.6,63
2020-07-15,27.3,25.4,14.9,61
2020-07-16,26.7,25.1,24.2,61
2020-07-17,26.4,23.7,33.6,63
2020-07-18,28.9,24.6,5.5,61
2020-07-19,27.8,24.7,2.3,61
2020-07-20,27.7,24.6,9.0,63
2020-07-21,28.8,24.1,2.1,61
2020-07-22,28.5,24.9,16.4,63
2020-07-23,27.7,24.5,7.3,61
2020-07-24,27.7,24.9,12.5,61
2020-07-25,27.4,24.5,11.2,63
2020-07-26,27.3,24.7,5.8,55
2020-07-27,28.6,24.1,2.1,53
2020-07-28,28.1,25.1,19.9,63
2020-07-29,25.9,24.8,65.6,63
2020-07-30,26.8,23.7,40.8,63
2020-07-31,26.7,24.4,27.2,63
2020-08-01,27.3,24.9,20.5,61
2020-08-02,26.7,25.1,19.0,61
2020-08-03,27.1,25.1,19.3,63
2020-08-04,28.2,25.1,13.8,63
2020-08-05,28.0,25.4,12.8,61
2020-08-06,28.3,24.4,32.3,63
2020-08-07,26.5,24.0,62.2,63
2020-08-08,26.0,24.2,43.9,63
2020-08-09,25.2,23.7,82.0,63
2020-08-10,25.9,24.3,24.5,63
2020-08-11,27.4,24.8,9.1,61
2020-08-12,28.0,24.5,2.1,51
2020-08-13,27.5,24.9,3.8,53
2020-08-14,27.6,24.9,3.5,53
2020-08-15,28.3,25.0,3.9,51
2020-08-16,28.2,24.8,2.8,53
2020-08-17,28.6,25.0,2.9,53
2020-08-18,27.9,24.9,3.7,53
2020-08-19,28.5,24.8,1.9,51
2020-08-20,28.0,25.2,2.9,53
2020-08-21,28.4,25.2,2.3,53
2020-08-22,28.5,25.2,1.2,51
2020-08-23,28.1,25.2,5.1,61
2020-08-24,28.6,25.3,3.9,53
2020-08-25,28.9,25.5,2.5,53
2020-08-26,28.8,25.8,1.9,51
2020-08-27,28.5,25.5,3.0,51
2020-08-28,28.4,24.7,1.2,51
2020-08-29,28.1,24.9,3.0,53
2020-08-30,28.3,25.1,8.7,63
2020-08-31,28.6,25.1,8.1,61
2020-09-01,28.1,24.8,10.3,61
2020-09-02,26.3,25.0,30.4,63
2020-09-03,28.7,24.3,37.6,65
2020-09-04,28.9,25.0,2.3,51
2020-09-05,28.0,24.9,6.4,61
2020-09-06,27.4,24.7,21.9,65
2020-09-07,27.2,24.4,20.7,63
2020-09-08,27.8,24.9,14.3,63
2020-09-09,27.3,24.5,21.8,63
2020-09-10,26.5,24.7,26.5,63
2020-09-11,27.1,24.5,27.5,63
2020-09-12,26.7,24.6,10.9,61
2020-09-13,26.4,24.4,13.5,61
2020-09-14,27.0,24.7,16.9,61
2020-09-15,27.0,24.7,11.7,61
2020-09-16,27.8,24.9,9.2,55
2020-09-17,27.2,24.9,7.4,61
2020-09-18,26.9,24.8,11.7,61
2020-09-19,26.7,24.8,25.4,61
2020-09-20,27.3,24.7,16.4,61
2020-09-21,27.0,25.3,12.9,61
2020-09-22,27.9,25.1,8.9,55
2020-09-23,27.6,25.0,5.8,53
2020-09-24,27.9,24.3,8.2,61
2020-09-25,27.5,24.7,2.6,53
2020-09-26,27.4,24.6,9.4,63
2020-09-27,28.2,24.3,2.6,51
2020-09-28,28.0,24.4,1.3,51
2020-09-29,28.2,24.3,3.6,53
2020-09-30,27.2,24.4,3.4,51
2020-10-01,28.2,24.5,2.6,53
2020-10-02,28.4,24.4,4.0,53
2020-10-03,27.8,24.3,2.7,53
2020-10-04,28.6,23.9,1.6,51
2020-10-05,28.3,24.4,0.8,51
2020-10-06,28.5,25.0,8.4,61
2020-10-07,28.1,24.7,6.1,61
2020-10-08,28.0,24.1,33.8,65
2020-10-09,28.3,24.0,9.9,63
2020-10-10,27.5,24.6,15.7,61
2020-10-11,27.2,24.9,15.5,63
2020-10-12,27.2,24.8,15.9,61
2020-10-13,28.0,24.9,7.7,55
2020-10-14,27.5,25.0,9.5,55
2020-10-15,28.3,25.4,8.5,55
2020-10-16,27.3,25.0,12.2,61
2020-10-17,27.9,24.5,2.8,51
2020-10-18,28.1,24.9,4.1,61
2020-10-19,27.9,25.0,4.6,55
2020-10-20,27.7,24.7,11.4,63
2020-10-21,28.2,24.7,4.8,53
2020-10-22,28.6,24.6,2.7,53
2020-10-23,28.5,23.6,0.8,51
2020-10-24,28.7,23.7,0.0,3
2020-10-25,28.9,23.5,0.0,3
2020-10-26,28.8,24.2,0.0,3
2020-10-27,28.6,25.0,4.5,53
2020-10-28,29.4,24.2,8.6,63
2020-10-29,29.0,24.0,3.9,53
2020-10-30,28.4,23.8,2.2,53
2020-10-31,28.7,23.8,0.6,51
2020-11-01,29.1,24.5,3.7,61
2020-11-02,28.8,24.3,2.7,53
2020-11-03,29.2,24.5,2.8,61
2020-11-04,29.0,24.0,20.2,65
2020-11-05,29.0,24.8,4.9,53
2020-11-06,29.1,24.8,0.0,3
2020-11-07,29.8,25.5,0.1,51
2020-11-08,29.3,25.3,6.3,61
2020-11-09,29.3,24.9,2.4,53
2020-11-10,29.7,25.1,1.3,51
2020-11-11,28.8,23.3,0.0,3
2020-11-12,30.0,25.1,0.3,51
2020-11-13,28.8,25.3,9.1,61
2020-11-14,29.7,24.9,0.5,51
2020-11-15,29.6,24.6,4.1,55
2020-11-16,28.8,25.3,5.7,61
2020-11-17,30.7,24.3,9.5,61
2020-11-18,29.8,24.6,11.3,63
2020-11-19,29.4,25.2,1.4,53
2020-11-20,28.5,24.8,2.7,53
2020-11-21,29.5,23.5,0.2,51
2020-11-22,29.0,24.1,0.0,3
2020-11-23,29.3,22.9,0.0,3
2020-11-24,28.9,23.6,0.1,51
2020-11-25,28.9,24.7,1.9,51
2020-11-26,28.6,25.6,6.1,55
2020-11-27,28.7,24.7,3.7,55
2020-11-28,29.5,24.3,2.3,53
2020-11-29,29.1,24.8,0.8,51
2020-11-30,29.6,25.4,0.0,3
2020-12-01,29.7,25.4,0.1,51
2020-12-02,29.3,23.3,0.1,51
2020-12-03,27.2,24.4,5.1,53
2020-12-04,28.9,24.4,5.1,61
2020-12-05,27.0,24.2,5.5,55
2020-12-06,28.5,24.1,7.2,63
2020-12-07,27.5,24.1,29.3,65
2020-12-08,29.4,23.8,0.4,51
2020-12-09,29.7,24.8,0.2,51
2020-12-10,30.1,24.5,0.5,51
2020-12-11,29.0,24.5,1.6,61
2020-12-12,29.1,24.0,1.6,53
2020-12-13,28.5,23.7,0.2,51
2020-12-14,29.8,23.7,0.0,2
2020-12-15,28.6,22.1,0.0,3
2020-12-16,28.2,24.4,4.1,55
2020-12-17,28.1,24.3,4.1,61
2020-12-18,27.6,23.8,1.9,53
2020-12-19,29.8,24.1,0.0,3
2020-12-20,30.4,23.2,0.0,3
2020-12-21,29.9,21.8,0.0,3
2020-12-22,28.5,23.5,2.2,53
2020-12-23,28.8,23.7,0.0,3
2020-12-24,30.0,23.9,0.0,3
2020-12-25,30.8,24.5,0.1,51
2020-12-26,30.2,23.7,0.0,3
2020-12-27,29.3,21.4,0.0,3
2020-12-28,29.1,22.8,0.0,3
2020-12-29,29.1,23.9,0.0,3
2020-12-30,30.6,24.3,0.0,2
2020-12-31,29.8,24.5,2.1,53
2021-01-01,29.8,23.2,0.0,3
2021-01-02,30.3,22.5,0.0,3
2021-01-03,29.1,24.5,0.0,3
2021-01-04,29.7,24.4,0.9,51
2021-01-05,29.7,24.3,4.7,63
2021-01-06,28.8,24.5,7.2,63
2021-01-07,28.9,23.9,9.3,63
2021-01-08,28.2,24.3,53.9,65
2021-01-09,28.5,23.8,3.8,61
2021-01-10,29.2,24.7,2.9,61
2021-01-11,28.0,25.0,1.7,51
2021-01-12,26.6,24.2,25.3,63
2021-01-13,28.6,23.8,10.3,61
2021-01-14,29.0,24.2,1.6,53
2021-01-15,29.1,24.2,0.1,51
2021-01-16,29.8,24.5,2.0,55
2021-01-17,29.1,24.5,4.0,61
2021-01-18,29.1,23.5,0.2,51
2021-01-19,28.6,22.1,0.0,2
2021-01-20,29.0,23.4,0.0,3
2021-01-21,29.1,24.6,0.7,51
2021-01-22,28.9,24.7,0.8,51
2021-01-23,28.5,24.1,4.3,61
2021-01-24,29.0,23.9,0.2,51
2021-01-25,29.4,23.6,0.0,1
2021-01-26,28.2,21.2,0.0,3
2021-01-27,28.6,21.7,0.0,3
2021-01-28,29.4,21.1,0.0,3
2021-01-29,29.1,21.8,0.0,3
2021-01-30,29.5,23.4,0.0,3
2021-01-31,29.7,24.1,1.1,53
2021-02-01,30.8,24.2,0.1,51
2021-02-02,31.3,23.9,0.0,3
2021-02-03,31.0,24.1,0.0,3
2021-02-04,30.7,25.1,0.0,3
2021-02-05,30.8,23.7,0.0,3
2021-02-06,29.9,24.1,2.2,55
2021-02-07,30.9,23.8,0.0,2
2021-02-08,31.7,23.5,0.0,3
2021-02-09,31.4,22.9,0.0,3
2021-02-10,30.7,22.8,0.0,2
2021-02-11,30.7,22.0,0.0,3
2021-02-12,30.7,22.6,0.0,3
2021-02-13,30.3,23.3,0.0,1
2021-02-14,30.0,23.6,0.0,3
2021-02-15,31.3,24.2,0.0,3
2021-02-16,29.8,24.4,1.3,53
2021-02-17,30.4,24.1,2.0,51
2021-02-18,30.1,23.7,2.2,53
2021-02-19,30.1,24.1,1.0,53
2021-02-20,29.6,24.9,1.3,51
2021-02-21,30.0,24.1,1.4,51
2021-02-22,30.1,24.2,1.1,53
2021-02-23,30.4,24.2,0.7,53
2021-02-24,30.4,24.8,0.9,53
2021-02-25,29.4,25.0,2.1,53
2021-02-26,30.0,25.2,2.1,53
2021-02-27,30.7,24.8,3.6,61
2021-02-28,30.9,25.4,0.2,51
2021-03-01,30.1,25.3,0.6,51
2021-03-02,31.2,24.7,0.4,51
2021-03-03,31.8,24.4,0.0,1
2021-03-04,31.1,23.7,0.0,0
2021-03-05,31.5,23.3,0.0,2
2021-03-06,31.2,24.6,0.0,3
2021-03-07,31.4,25.5,0.0,1
2021-03-08,30.9,25.7,0.2,51
2021-03-09,30.6,25.4,0.8,51
2021-03-10,31.7,25.3,2.0,53
2021-03-11,29.7,24.4,7.0,63
2021-03-12,30.5,24.3,2.4,61
2021-03-13,30.8,24.3,0.0,1
2021-03-14,31.5,24.9,0.0,2
2021-03-15,31.4,25.2,0.5,51
2021-03-16,31.8,25.0,0.1,51
2021-03-17,31.4,25.6,0.2,51
2021-03-18,31.4,25.4,1.3,53
2021-03-19,30.4,25.4,2.7,51
2021-03-20,29.2,25.2,3.9,55
2021-03-21,30.2,25.1,0.2,51
2021-03-22,30.5,25.6,0.6,51
2021-03-23,31.0,25.7,2.1,53
2021-03-24,30.5,25.5,1.0,53
2021-03-25,30.2,25.1,3.4,55
2021-03-26,30.0,25.1,0.2,51
2021-03-27,30.3,26.4,2.0,61
2021-03-28,29.1,26.0,3.2,53
2021-03-29,30.0,25.1,1.9,53
2021-03-30,31.6,24.5,0.3,51
2021-03-31,30.7,26.4,3.4,53
2021-04-01,30.4,25.6,6.5,61
2021-04-02,30.8,25.1,0.0,3
2021-04-03,30.7,26.2,0.8,51
2021-04-04,31.0,26.0,0.0,2
2021-04-05,31.0,26.7,0.0,3
2021-04-06,31.1,26.5,0.3,51
2021-04-07,30.4,25.7,4.8,61
2021-04-08,30.4,24.9,1.4,53
2021-04-09,30.2,25.6,3.3,55
2021-04-10,30.4,25.5,2.3,51
2021-04-11,29.7,25.1,5.3,61
2021-04-12,30.1,25.3,10.3,63
2021-04-13,29.8,25.1,1.4,53
2021-04-14,29.0,25.4,6.6,63
2021-04-15,29.5,24.9,2.9,53
2021-04-16,29.6,25.2,5.6,61
2021-04-17,30.3,25.2,3.5,61
2021-04-18,29.0,24.9,20.0,63
2021-04-19,29.7,25.1,4.6,61
2021-04-20,28.8,24.4,11.3,63
2021-04-21,30.2,25.6,5.0,61
2021-04-22,30.0,25.6,1.9,53
2021-04-23,29.4,24.5,4.1,61
2021-04-24,30.3,25.1,7.3,63
2021-04-25,30.4,25.2,5.0,61
2021-04-26,30.1,24.8,5.6,63
2021-04-27,29.8,25.0,9.0,63
2021-04-28,29.8,25.3,12.9,63
2021-04-29,30.3,25.2,2.7,53
2021-04-30,30.5,25.7,10.3,63
2021-05-01,30.9,24.6,7.2,63
2021-05-02,30.2,26.0,7.1,61
2021-05-03,29.5,24.8,12.6,63
2021-05-04,29.7,24.8,9.4,63
2021-05-05,30.3,25.5,5.5,63
2021-05-06,30.7,25.4,10.8,63
2021-05-07,29.7,25.3,11.5,63
2021-05-08,30.3,24.8,0.5,51
2021-05-09,30.3,25.2,6.7,61
2021-05-10,29.6,25.1,11.9,63
2021-05-11,30.0,25.9,19.6,63
2021-05-12,28.9,25.3,17.8,63
2021-05-13,28.4,25.1,18.7,63
2021-05-14,26.8,24.6,94.4,65
2021-05-15,26.9,25.2,90.3,65
2021-05-16,27.7,25.0,42.2,65
2021-05-17,28.9,25.2,8.6,63
2021-05-18,28.9,25.7,10.6,61
2021-05-19,28.8,25.7,24.0,63
2021-05-20,28.9,25.1,24.3,63
2021-05-21,27.4,24.9,18.6,63
2021-05-22,27.8,25.5,20.0,63
2021-05-23,29.5,25.4,5.8,55
2021-05-24,30.3,26.4,4.2,53
2021-05-25,28.2,25.8,28.8,63
2021-05-26,26.5,25.5,34.6,63
2021-05-27,28.6,25.0,10.1,61
2021-05-28,28.1,25.3,5.7,61
2021-05-29,27.7,25.6,9.7,63
2021-05-30,28.5,24.9,2.8,51
2021-05-31,28.5,26.0,8.7,61
2021-06-01,27.9,25.2,11.5,63
2021-06-02,29.5,25.1,5.6,61
2021-06-03,28.8,25.8,19.0,63
2021-06-04,28.9,25.6,19.9,63
2021-06-05,27.4,24.9,35.1,63
2021-06-06,28.1,25.2,10.6,61
2021-06-07,28.9,25.4,5.7,55
2021-06-08,28.3,25.4,17.7,61
2021-06-09,27.9,25.0,6.3,53
2021-06-10,28.4,25.1,4.5,53
2021-06-11,29.6,24.4,7.2,55
2021-06-12,27.5,25.1,16.5,63
2021-06-13,27.6,25.1,30.6,63
2021-06-14,27.0,25.1,17.9,61
2021-06-15,28.5,25.3,13.3,61
2021-06-16,28.2,25.3,14.0,55
2021-06-17,28.6,24.2,16.7,61
2021-06-18,29.3,24.7,4.4,53
2021-06-19,27.4,25.1,5.1,53
2021-06-20,27.6,25.0,5.0,53
2021-06-21,27.9,25.0,4.1,53
2021-06-22,27.6,25.0,18.0,63
2021-06-23,28.6,24.9,12.7,63
2021-06-24,28.0,24.1,3.0,53
2021-06-25,29.2,25.4,1.7,51
2021-06-26,27.2,25.0,9.9,61
2021-06-27,28.0,24.6,11.7,63
2021-06-28,27.4,24.8,14.2,63
2021-06-29,28.8,24.6,1.2,51
2021-06-30,29.1,25.2,1.7,51
2021-07-01,27.6,25.2,12.8,61
2021-07-02,28.2,24.7,10.0,63
2021-07-03,27.9,24.4,18.5,63
2021-07-04,28.4,24.8,18.3,63
2021-07-05,28.8,24.4,3.9,53
2021-07-06,28.1,24.7,4.6,55
2021-07-07,28.2,25.0,11.3,63
2021-07-08,28.0,25.1,11.6,63
2021-07-09,26.3,24.4,41.2,65
2021-07-10,26.4,24.6,64.9,63
2021-07-11,26.6,24.0,23.3,61
2021-07-12,27.8,24.9,10.5,61
2021-07-13,28.1,24.6,10.3,61
2021-07-14,26.5,24.8,18.2,63
2021-07-15,27.7,23.9,3.0,53
2021-07-16,27.0,24.5,13.0,61
2021-07-17,28.3,24.4,7.2,63
2021-07-18,26.5,24.3,15.8,61
2021-07-19,27.3,25.0,7.6,55
2021-07-20,27.7,24.2,4.4,53
2021-07-21,27.8,25.0,9.2,61
2021-07-22,28.0,25.1,10.9,61
2021-07-23,26.9,25.0,12.6,55
2021-07-24,26.8,24.4,28.6,63
2021-07-25,26.5,24.7,22.4,63
2021-07-26,27.1,23.8,10.0,61
2021-07-27,26.7,24.6,9.1,55
2021-07-28,27.3,24.8,9.6,61
2021-07-29,27.8,24.6,3.3,53
2021-07-30,27.8,24.9,3.9,53
2021-07-31,28.3,25.1,4.6,53
2021-08-01,27.9,24.9,3.3,53
2021-08-02,27.2,24.8,6.1,55
2021-08-03,28.1,24.9,5.7,53
2021-08-04,27.6,24.9,6.0,55
2021-08-05,27.1,25.1,10.7,61
2021-08-06,27.5,24.9,18.9,61
2021-08-07,26.4,24.9,20.0,63
2021-08-08,27.1,24.6,14.9,61
2021-08-09,27.4,24.4,18.5,63
2021-08-10,27.4,24.5,11.5,63
2021-08-11,27.6,24.9,19.8,63
2021-08-12,27.1,24.5,13.4,61
2021-08-13,27.4,25.1,6.3,61
2021-08-14,27.0,24.8,6.9,55
2021-08-15,27.1,24.5,3.7,51
2021-08-16,26.6,24.2,6.0,55
2021-08-17,27.2,24.2,21.9,65
2021-08-18,26.6,24.3,22.3,63
2021-08-19,27.0,23.8,6.4,55
2021-08-20,27.8,24.1,1.7,51
2021-08-21,27.4,24.7,4.8,55
2021-08-22,27.7,24.4,0.6,51
2021-08-23,27.1,24.4,18.0,63
2021-08-24,27.6,24.4,2.4,53
2021-08-25,27.9,24.5,4.3,53
2021-08-26,27.8,24.7,12.0,61
2021-08-27,27.4,24.9,26.3,63
2021-08-28,26.3,24.6,29.2,61
2021-08-29,25.1,23.8,73.7,63
2021-08-30,26.1,23.3,29.5,63
2021-08-31,27.9,24.9,4.2,51
2021-09-01,27.7,25.0,4.4,53
2021-09-02,27.3,24.7,8.4,55
2021-09-03,27.2,24.1,7.8,61
2021-09-04,26.5,24.3,13.0,61
2021-09-05,26.7,24.6,20.5,63
2021-09-06,26.2,24.6,12.1,61
2021-09-07,26.7,24.2,12.2,61
2021-09-08,27.2,24.2,5.4,53
2021-09-09,27.4,24.4,3.4,53
2021-09-10,27.9,24.8,4.2,53
2021-09-11,27.1,24.8,4.7,53
2021-09-12,26.8,24.8,11.8,61
2021-09-13,27.5,24.7,10.6,61
2021-09-14,27.6,25.1,10.2,55
2021-09-15,27.6,24.9,8.6,61
2021-09-16,27.0,24.8,6.8,61
2021-09-17,28.4,24.3,1.0,51
2021-09-18,28.0,25.1,2.8,53
2021-09-19,28.2,25.4,2.6,53
2021-09-20,28.5,25.7,2.0,51
2021-09-21,28.3,25.3,3.5,55
2021-09-22,28.3,24.9,1.6,53
2021-09-23,28.4,25.4,5.1,53
2021-09-24,28.3,25.0,3.2,53
2021-09-25,27.5,25.1,7.9,61
2021-09-26,27.9,25.0,10.5,61
2021-09-27,26.4,24.5,27.4,63
2021-09-28,27.0,24.0,23.2,65
2021-09-29,28.0,23.9,10.5,63
2021-09-30,28.1,24.8,7.1,61
2021-10-01,27.2,24.7,28.3,63
2021-10-02,27.7,24.0,87.1,65
2021-10-03,28.2,24.7,12.5,63
2021-10-04,28.4,24.5,14.1,63
2021-10-05,28.6,24.3,30.0,63
2021-10-06,26.9,24.2,22.5,63
2021-10-07,28.8,24.8,6.5,53
2021-10-08,28.2,25.1,16.3,61
2021-10-09,26.5,24.8,23.3,63
2021-10-10,27.6,24.4,14.1,61
2021-10-11,26.6,24.3,46.8,63
2021-10-12,26.0,24.3,58.0,63
2021-10-13,28.2,23.7,3.9,61
2021-10-14,27.9,24.0,12.3,63
2021-10-15,28.1,24.5,2.7,53
2021-10-16,26.5,24.3,57.4,65
2021-10-17,27.7,24.5,42.6,65
2021-10-18,27.1,23.9,8.2,61
2021-10-19,28.6,24.0,0.6,51
2021-10-20,29.3,24.2,12.5,63
2021-10-21,28.7,24.2,14.0,63
2021-10-22,28.4,23.9,2.6,53
2021-10-23,27.6,23.8,22.0,63
2021-10-24,28.0,23.5,0.7,51
2021-10-25,28.8,23.7,21.4,65
2021-10-26,29.0,23.0,5.7,63
2021-10-27,28.8,24.0,15.7,63
2021-10-28,28.4,23.2,0.5,51
2021-10-29,27.2,24.0,2.4,53
2021-10-30,28.0,24.2,7.7,61
2021-10-31,27.2,24.0,13.3,63
2021-11-01,27.4,24.1,10.3,63
2021-11-02,28.2,23.8,37.3,65
2021-11-03,28.2,23.5,8.8,63
2021-11-04,28.1,23.4,19.8,63
2021-11-05,27.0,23.3,27.8,65
2021-11-06,28.2,23.6,3.4,61
2021-11-07,28.5,24.0,2.4,53
2021-11-08,27.4,23.1,10.7,63
2021-11-09,27.3,23.8,2.2,61
2021-11-10,28.3,23.4,0.8,51
2021-11-11,28.9,23.6,2.5,61
2021-11-12,27.6,23.9,8.5,61
2021-11-13,27.4,24.4,38.6,63
2021-11-14,25.9,24.3,63.1,65
2021-11-15,26.9,24.4,44.5,63
2021-11-16,27.6,23.7,14.7,61
2021-11-17,28.7,23.8,3.0,55
2021-11-18,27.2,24.0,10.5,63
2021-11-19,27.5,24.1,27.3,65
2021-11-20,27.8,23.7,13.5,63
2021-11-21,29.3,23.6,0.0,3
2021-11-22,28.5,23.4,0.2,51
2021-11-23,28.5,23.6,16.9,65
2021-11-24,28.0,23.9,1.6,55
2021-11-25,27.8,23.9,5.5,61
2021-11-26,27.9,23.8,12.1,63
2021-11-27,28.8,23.8,6.1,61
2021-11-28,27.8,23.9,27.0,65
2021-11-29,28.2,23.5,1.8,53
2021-11-30,28.6,23.4,29.5,65
2021-12-01,28.7,23.2,10.6,63
2021-12-02,28.8,23.1,1.6,61
2021-12-03,28.4,24.3,2.4,53
2021-12-04,28.0,24.1,2.7,53
2021-12-05,28.8,24.2,0.5,51
2021-12-06,28.3,24.0,1.9,55
2021-12-07,29.2,24.1,0.1,51
2021-12-08,29.9,24.7,1.2,55
2021-12-09,28.9,24.2,0.5,51
2021-12-10,28.7,24.0,1.9,61
2021-12-11,29.0,23.4,0.0,1
2021-12-12,29.2,23.9,0.0,2
2021-12-13,29.2,24.6,0.0,3
2021-12-14,29.6,24.4,2.4,53
2021-12-15,28.6,24.1,1.0,53
2021-12-16,28.6,24.2,0.0,3
2021-12-17,29.2,24.2,0.0,1
2021-12-18,29.2,24.1,0.1,51
2021-12-19,30.5,24.0,0.0,3
2021-12-20,30.0,23.3,0.0,3
2021-12-21,29.4,23.3,0.0,3
2021-12-22,29.1,23.0,0.0,1
2021-12-23,28.8,23.7,0.0,1
2021-12-24,29.2,23.0,0.0,0
2021-12-25,29.1,22.3,0.0,0
2021-12-26,29.1,22.6,0.3,51
2021-12-27,29.0,22.6,0.0,0
2021-12-28,29.1,22.9,0.0,0
2021-12-29,28.9,22.5,0.0,3
2021-12-30,29.7,22.6,0.0,1
2021-12-31,31.2,23.5,0.1,51
2022-01-01,31.1,24.0,0.0,3
2022-01-02,31.7,23.9,0.0,3
2022-01-03,31.5,24.8,0.0,3
2022-01-04,31.3,24.2,0.0,3
2022-01-05,29.9,23.7,0.0,2
2022-01-06,30.5,24.0,0.3,51
2022-01-07,30.3,24.3,0.1,51
2022-01-08,31.2,24.0,1.2,53
2022-01-09,29.9,24.0,0.2,51
2022-01-10,29.7,23.5,0.4,51
2022-01-11,30.5,24.2,0.0,3
2022-01-12,30.3,24.5,0.0,3
2022-01-13,30.3,24.2,0.0,2
2022-01-14,30.8,23.6,0.0,3
2022-01-15,31.2,24.2,0.0,3
2022-01-16,31.9,24.4,0.0,3
2022-01-17,32.1,24.6,0.0,3
2022-01-18,31.7,24.6,0.0,3
2022-01-19,30.1,24.4,0.6,51
2022-01-20,29.7,23.7,0.2,51
2022-01-21,30.0,23.8,0.2,51
2022-01-22,29.5,23.6,0.2,51
2022-01-23,29.7,24.2,0.1,51
2022-01-24,29.8,22.8,0.0,3
2022-01-25,29.7,23.5,0.0,3
2022-01-26,29.3,23.8,0.6,51
2022-01-27,29.8,22.7,0.1,51
2022-01-28,30.1,23.4,0.5,51
2022-01-29,31.1,23.5,0.0,3
2022-01-30,31.6,24.5,0.1,51
2022-01-31,30.6,24.9,0.0,3
2022-02-01,31.3,24.8,0.0,3
2022-02-02,29.9,24.9,3.2,53
2022-02-03,29.8,24.3,0.4,51
2022-02-04,30.1,24.1,0.3,51
2022-02-05,29.8,23.0,0.0,3
2022-02-06,29.5,23.5,0.1,51
2022-02-07,30.9,23.7,0.0,3
2022-02-08,30.4,24.7,0.0,3
2022-02-09,31.0,24.2,0.2,51
2022-02-10,31.3,23.8,1.3,53
2022-02-11,30.9,24.6,0.0,3
2022-02-12,29.8,24.9,1.8,53
2022-02-13,29.1,23.8,0.4,51
2022-02-14,29.6,23.9,0.7,53
2022-02-15,29.3,24.0,1.8,53
2022-02-16,29.5,23.4,6.1,63
2022-02-17,29.0,23.7,1.5,53
2022-02-18,28.8,23.9,2.4,55
2022-02-19,30.0,24.2,0.0,3
2022-02-20,31.1,24.5,0.0,3
2022-02-21,30.6,25.2,0.6,51
2022-02-22,30.7,23.8,1.0,53
2022-02-23,31.6,24.3,1.2,53
2022-02-24,31.0,23.5,1.3,53
2022-02-25,31.7,25.3,0.0,3
2022-02-26,31.7,24.7,0.0,3
2022-02-27,32.4,24.7,0.0,3
2022-02-28,30.4,22.7,23.0,65
2022-03-01,32.5,24.2,0.0,3
2022-03-02,33.5,23.2,0.0,3
2022-03-03,32.7,23.1,0.0,3
2022-03-04,32.7,23.4,0.0,3
2022-03-05,31.1,24.3,0.0,3
2022-03-06,30.7,24.8,0.4,51
2022-03-07,31.1,24.9,0.4,51
2022-03-08,30.9,24.5,3.3,61
2022-03-09,31.0,24.2,0.1,51
2022-03-10,31.2,25.1,0.0,3
2022-03-11,31.7,24.7,0.0,3
2022-03-12,31.4,25.3,0.0,2
2022-03-13,32.2,24.8,0.0,3
2022-03-14,33.1,24.9,0.0,3
2022-03-15,30.9,25.6,0.0,3
2022-03-16,30.5,24.7,4.6,61
2022-03-17,30.5,25.0,0.6,53
2022-03-18,31.3,25.9,1.2,53
2022-03-19,30.3,23.9,3.1,61
2022-03-20,29.3,24.5,3.0,61
2022-03-21,30.7,24.8,0.9,51
2022-03-22,30.7,24.9,0.5,51
2022-03-23,30.6,25.4,1.8,53
2022-03-24,29.1,24.5,1.9,55
2022-03-25,30.3,25.3,0.4,51
2022-03-26,31.1,26.1,0.8,51
2022-03-27,30.0,26.1,1.8,51
2022-03-28,31.6,25.3,3.1,55
2022-03-29,30.5,25.5,0.7,51
2022-03-30,29.7,24.3,7.1,63
2022-03-31,30.3,23.5,1.5,55
2022-04-01,30.4,25.5,1.3,53
2022-04-02,30.6,25.1,1.9,55
2022-04-03,31.0,25.2,13.1,63
2022-04-04,30.8,24.4,0.2,51
2022-04-05,30.1,25.5,4.3,63
2022-04-06,29.9,24.5,0.4,51
2022-04-07,31.0,24.4,0.1,51
2022-04-08,30.4,24.9,15.1,65
2022-04-09,29.9,23.5,19.4,63
2022-04-10,29.6,23.6,14.0,63
2022-04-11,30.1,24.7,5.3,63
2022-04-12,28.3,24.2,32.4,65
2022-04-13,28.7,24.9,25.7,63
2022-04-14,28.9,24.6,5.3,61
2022-04-15,30.0,24.3,1.4,53
2022-04-16,30.9,24.9,1.5,51
2022-04-17,30.4,24.3,9.5,63
2022-04-18,30.1,25.1,5.7,53
2022-04-19,29.1,24.5,6.5,61
2022-04-20,31.0,25.5,0.3,51
2022-04-21,31.3,26.1,0.8,53
2022-04-22,29.9,25.4,0.4,51
2022-04-23,29.6,25.3,7.9,63
2022-04-24,30.6,25.1,13.6,65
2022-04-25,31.2,26.4,6.0,63
2022-04-26,31.0,25.8,0.3,51
2022-04-27,31.4,26.5,1.1,53
2022-04-28,30.5,24.3,4.9,61
2022-04-29,30.9,24.3,10.8,63
2022-04-30,30.7,25.0,0.1,51
2022-05-01,29.8,25.5,22.1,63
2022-05-02,30.6,25.5,2.4,61
2022-05-03,31.5,26.7,1.2,51
2022-05-04,30.8,26.7,3.3,61
2022-05-05,29.2,24.3,23.8,65
2022-05-06,29.2,24.9,12.0,63
2022-05-07,30.6,25.7,6.0,61
2022-05-08,30.8,26.0,5.6,63
2022-05-09,29.4,25.3,22.0,63
2022-05-10,29.6,24.3,29.5,63
2022-05-11,28.7,23.5,15.6,63
2022-05-12,28.4,23.3,10.2,61
2022-05-13,29.2,24.4,3.3,55
2022-05-14,27.7,25.6,40.1,65
2022-05-15,27.8,25.3,48.9,63
2022-05-16,26.7,25.3,80.0,65
2022-05-17,26.6,24.7,141.0,65
2022-05-18,26.9,24.6,75.4,63
2022-05-19,26.9,24.4,45.3,63
2022-05-20,26.5,24.2,28.7,63
2022-05-21,27.2,24.5,40.7,65
2022-05-22,27.0,24.2,15.0,61
2022-05-23,28.6,23.3,19.5,65
2022-05-24,28.1,25.0,4.0,53
2022-05-25,28.9,24.0,0.7,51
2022-05-26,27.9,24.0,11.0,63
2022-05-27,28.2,24.2,8.9,61
2022-05-28,28.2,24.3,3.3,53
2022-05-29,27.9,24.9,9.0,61
2022-05-30,28.4,24.5,2.0,53
2022-05-31,29.1,23.8,7.9,63
2022-06-01,28.4,23.7,2.2,53
2022-06-02,28.4,24.5,6.8,63
2022-06-03,28.6,24.8,8.4,61
2022-06-04,28.9,24.8,3.6,55
2022-06-05,29.2,25.1,9.9,63
2022-06-06,29.0,25.2,10.7,63
2022-06-07,28.1,23.9,23.5,63
2022-06-08,28.6,24.2,16.9,63
2022-06-09,28.6,24.3,13.0,65
2022-06-10,27.4,24.7,11.2,63
2022-06-11,27.9,24.3,5.9,61
2022-06-12,27.1,23.4,20.2,63
2022-06-13,28.7,24.6,5.6,63
2022-06-14,28.7,23.8,5.8,61
2022-06-15,28.0,24.6,22.7,63
2022-06-16,28.6,23.7,13.4,63
2022-06-17,27.9,23.3,16.3,63
2022-06-18,27.2,24.0,21.0,63
2022-06-19,27.9,24.0,6.3,63
2022-06-20,28.1,24.4,15.1,63
2022-06-21,28.2,23.7,11.8,63
2022-06-22,28.3,23.9,7.3,61
2022-06-23,27.6,24.0,11.2,63
2022-06-24,27.7,24.3,13.7,63
2022-06-25,27.1,24.8,8.7,61
2022-06-26,29.0,24.0,5.4,61
2022-06-27,27.8,24.1,7.5,63
2022-06-28,27.1,23.8,11.0,63
2022-06-29,27.7,24.2,5.7,55
2022-06-30,27.2,24.3,30.0,65
2022-07-01,27.6,24.7,17.4,63
2022-07-02,28.0,24.5,11.4,63
2022-07-03,27.2,24.5,34.6,63
2022-07-04,27.4,23.5,12.3,63
2022-07-05,26.4,23.6,18.5,63
2022-07-06,27.1,23.3,8.2,63
2022-07-07,25.1,23.4,34.2,63
2022-07-08,27.4,23.7,6.5,61
2022-07-09,26.5,23.8,16.0,61
2022-07-10,27.5,23.9,7.1,61
2022-07-11,26.3,23.7,12.0,63
2022-07-12,26.4,23.9,7.7,55
2022-07-13,26.8,23.7,19.9,63
2022-07-14,27.6,24.3,21.8,65
2022-07-15,27.9,24.1,9.8,63
2022-07-16,27.3,23.8,7.9,55
2022-07-17,26.8,24.5,7.6,63
2022-07-18,27.8,24.7,10.5,63
2022-07-19,27.5,24.3,6.1,61
2022-07-20,27.7,24.8,14.7,63
2022-07-21,28.1,25.1,3.2,53
2022-07-22,26.6,25.0,9.6,61
2022-07-23,26.8,24.1,9.3,63
2022-07-24,27.5,23.1,4.5,61
2022-07-25,27.9,24.7,0.6,51
2022-07-26,28.1,24.3,3.7,55
2022-07-27,27.3,24.6,1.9,53
2022-07-28,27.4,24.4,2.5,53
2022-07-29,29.2,25.2,5.2,63
2022-07-30,28.1,24.7,9.0,63
2022-07-31,28.1,24.4,20.3,63
2022-08-01,26.1,24.1,94.5,65
2022-08-02,26.0,24.6,36.1,63
2022-08-03,26.1,24.0,51.9,63
2022-08-04,25.5,24.3,46.8,63
2022-08-05,26.1,24.4,27.8,65
2022-08-06,26.3,22.7,12.2,61
2022-08-07,27.1,24.0,14.9,61
2022-08-08,27.2,24.4,12.7,63
2022-08-09,28.1,24.9,4.5,53
2022-08-10,28.0,25.4,1.5,51
2022-08-11,28.4,24.0,3.1,53
2022-08-12,28.5,24.3,2.1,53
2022-08-13,28.0,24.5,1.3,53
2022-08-14,28.3,24.6,1.1,51
2022-08-15,28.5,24.9,0.3,51
2022-08-16,28.4,24.9,0.0,3
2022-08-17,28.1,25.3,0.8,51
2022-08-18,28.2,25.3,4.8,61
2022-08-19,27.7,24.5,7.1,63
2022-08-20,28.1,25.1,2.3,53
2022-08-21,26.9,24.5,20.1,63
2022-08-22,25.8,23.8,32.5,63
2022-08-23,25.8,23.2,33.4,63
2022-08-24,25.0,23.6,17.5,61
2022-08-25,26.5,24.0,8.2,61
2022-08-26,27.2,24.4,12.6,61
2022-08-27,25.5,24.0,17.5,63
2022-08-28,27.4,24.3,6.4,53
2022-08-29,27.1,23.8,21.2,63
2022-08-30,27.4,24.1,6.1,63
2022-08-31,26.8,23.9,6.5,61
2022-09-01,27.1,24.3,8.3,63
2022-09-02,27.7,23.0,8.0,63
2022-09-03,27.3,24.3,4.5,53
2022-09-04,27.8,24.8,2.8,53
2022-09-05,27.9,23.7,26.4,63
2022-09-06,27.1,23.8,19.2,63
2022-09-07,26.4,24.0,10.0,55
2022-09-08,26.7,24.3,11.8,63
2022-09-09,27.2,24.0,12.0,61
2022-09-10,26.4,24.1,21.8,63
2022-09-11,27.7,24.5,7.4,61
2022-09-12,26.8,24.5,10.0,61
2022-09-13,27.4,23.8,2.4,51
2022-09-14,27.8,24.6,3.2,53
2022-09-15,28.0,24.5,2.5,53
2022-09-16,27.8,24.5,1.6,51
2022-09-17,27.7,24.5,3.3,53
2022-09-18,27.8,24.3,3.1,53
2022-09-19,27.4,24.3,2.3,51
2022-09-20,28.1,24.8,3.5,53
2022-09-21,27.7,24.1,1.7,53
2022-09-22,27.5,23.4,0.5,51
2022-09-23,27.8,23.6,0.5,51
2022-09-24,27.9,24.3,1.3,51
2022-09-25,28.5,24.9,2.4,53
2022-09-26,29.1,23.7,6.2,61
2022-09-27,28.1,25.1,1.0,51
2022-09-28,28.2,24.2,0.8,51
2022-09-29,28.0,24.5,2.6,53
2022-09-30,27.6,24.3,2.6,53
2022-10-01,27.4,23.0,2.6,53
2022-10-02,28.0,23.6,16.4,63
2022-10-03,27.6,23.4,11.8,63
2022-10-04,28.3,23.1,9.3,63
2022-10-05,27.5,23.6,10.9,63
2022-10-06,26.7,23.6,4.0,55
2022-10-07,26.9,23.7,3.3,55
2022-10-08,27.9,23.3,0.7,51
2022-10-09,28.0,23.9,0.6,51
2022-10-10,28.4,24.5,0.1,51
2022-10-11,27.9,23.9,0.0,3
2022-10-12,28.9,24.3,1.3,53
2022-10-13,28.6,23.9,4.0,61
2022-10-14,28.1,23.3,5.8,61
2022-10-15,28.2,24.1,3.0,55
2022-10-16,28.4,23.5,5.2,61
2022-10-17,27.9,24.1,9.4,63
2022-10-18,26.1,23.7,14.6,61
2022-10-19,27.3,23.6,20.0,63
2022-10-20,27.3,22.9,2.6,53
2022-10-21,26.7,23.6,8.9,63
2022-10-22,28.3,23.5,0.2,51
2022-10-23,28.1,23.3,6.3,63
2022-10-24,28.1,24.1,3.5,61
2022-10-25,28.6,23.8,0.5,51
2022-10-26,28.5,22.8,0.5,53
2022-10-27,28.8,23.8,0.9,53
2022-10-28,29.0,23.8,0.6,51
2022-10-29,28.3,23.7,2.7,61
2022-10-30,27.7,24.9,3.9,61
2022-10-31,28.4,24.1,11.2,63
2022-11-01,26.8,24.2,7.5,63
2022-11-02,27.5,23.3,14.6,65
2022-11-03,28.6,23.1,0.5,51
2022-11-04,28.9,23.8,5.5,63
2022-11-05,28.5,23.9,8.2,63
2022-11-06,27.9,23.6,13.0,63
2022-11-07,28.6,23.2,2.1,61
2022-11-08,29.1,24.4,9.3,63
2022-11-09,28.5,24.5,0.2,51
2022-11-10,28.8,23.8,2.3,61
2022-11-11,28.2,23.5,0.9,51
2022-11-12,27.2,23.1,14.5,63
2022-11-13,29.3,23.7,9.9,63
2022-11-14,28.4,23.4,11.3,63
2022-11-15,28.6,23.3,3.8,61
2022-11-16,28.7,23.6,2.1,53
2022-11-17,28.2,23.1,8.6,63
2022-11-18,27.7,22.7,2.4,61
2022-11-19,28.3,23.0,0.1,51
2022-11-20,28.4,23.2,2.1,61
2022-11-21,28.2,22.7,1.2,53
2022-11-22,28.4,23.5,0.8,51
2022-11-23,28.7,23.8,0.9,51
2022-11-24,28.9,23.4,0.0,3
2022-11-25,29.4,23.1,0.0,3
2022-11-26,28.4,24.3,0.4,51
2022-11-27,27.6,23.9,3.7,53
2022-11-28,28.0,23.4,2.9,61
2022-11-29,28.1,23.3,3.4,53
2022-11-30,28.2,24.5,1.2,51
2022-12-01,29.2,23.4,0.4,51
2022-12-02,29.0,24.3,4.4,63
2022-12-03,28.7,23.9,2.3,61
2022-12-04,28.5,24.2,2.9,61
2022-12-05,29.4,23.8,0.0,3
2022-12-06,28.5,23.8,0.7,51
2022-12-07,28.2,24.0,0.6,51
2022-12-08,28.6,23.6,0.2,51
2022-12-09,29.3,23.2,0.5,51
2022-12-10,28.9,22.9,7.6,63
2022-12-11,25.6,22.9,52.3,63
2022-12-12,26.7,23.1,12.7,61
2022-12-13,29.2,23.0,0.0,3
2022-12-14,29.5,23.6,9.1,63
2022-12-15,28.1,22.2,0.0,3
2022-12-16,28.8,21.7,0.0,3
2022-12-17,29.5,22.8,0.0,3
2022-12-18,29.1,22.7,0.0,3
2022-12-19,29.1,23.8,0.0,3
2022-12-20,29.2,24.1,0.0,3
2022-12-21,30.2,24.4,0.0,3
2022-12-22,29.0,23.0,0.0,3
2022-12-23,28.8,23.2,0.0,3
2022-12-24,29.0,23.3,0.0,3
2022-12-25,30.2,23.2,3.5,61
2022-12-26,29.8,24.1,0.3,51
2022-12-27,28.6,25.3,1.5,51
2022-12-28,30.0,24.6,0.5,51
2022-12-29,29.0,24.1,0.0,3
2022-12-30,29.4,24.0,0.0,3
2022-12-31,29.2,22.7,0.0,2
2023-01-01,30.0,22.1,0.0,3
2023-01-02,29.1,22.5,0.0,3
2023-01-03,28.9,21.6,0.0,2
2023-01-04,29.3,23.0,0.0,2
2023-01-05,29.3,22.8,0.0,0
2023-01-06,30.1,22.8,0.0,3
2023-01-07,30.1,23.5,0.0,2
2023-01-08,30.4,23.9,0.0,1
2023-01-09,31.0,23.2,0.0,2
2023-01-10,29.4,22.3,0.0,3
2023-01-11,28.7,22.0,0.0,3
2023-01-12,29.3,21.6,0.0,3
2023-01-13,28.7,21.5,0.0,3
2023-01-14,29.6,21.5,0.0,3
2023-01-15,29.4,22.7,0.0,3
2023-01-16,29.9,22.5,0.0,3
2023-01-17,29.2,23.3,0.1,51
2023-01-18,31.0,22.4,0.0,3
2023-01-19,29.6,23.1,0.0,3
2023-01-20,29.7,22.6,0.0,3
2023-01-21,30.6,22.1,0.0,3
2023-01-22,29.4,22.4,0.0,3
2023-01-23,30.6,23.3,0.0,3
2023-01-24,30.3,23.6,13.9,63
2023-01-25,28.2,22.4,0.6,51
2023-01-26,28.9,22.9,0.0,3
2023-01-27,28.2,23.3,0.8,51
2023-01-28,29.2,22.8,0.0,3
2023-01-29,28.5,21.9,0.0,3
2023-01-30,29.2,22.7,0.3,51
2023-01-31,29.7,23.5,6.2,63
2023-02-01,29.5,22.9,0.0,3
2023-02-02,29.8,24.0,0.8,51
2023-02-03,28.4,22.5,1.6,53
2023-02-04,29.2,23.5,0.0,3
2023-02-05,29.2,23.8,0.0,3
2023-02-06,29.0,22.7,0.0,3
2023-02-07,29.6,22.9,0.0,3
2023-02-08,30.8,23.5,0.0,3
2023-02-09,29.4,23.8,0.2,51
2023-02-10,30.9,23.8,0.0,3
2023-02-11,29.5,22.6,0.0,3
2023-02-12,29.8,22.8,0.0,3
2023-02-13,30.3,22.2,0.0,2
2023-02-14,29.7,22.6,0.0,0
2023-02-15,30.9,22.8,0.0,0
2023-02-16,30.3,22.8,0.0,1
2023-02-17,30.6,22.9,0.0,3
2023-02-18,30.0,23.1,0.0,2
2023-02-19,31.3,22.8,0.0,3
2023-02-20,30.5,23.7,0.0,0
2023-02-21,30.8,24.3,0.0,3
2023-02-22,30.8,24.5,0.5,53
2023-02-23,29.7,24.0,0.0,1
2023-02-24,30.4,22.8,0.0,0
2023-02-25,31.6,23.8,0.0,0
2023-02-26,32.6,23.6,0.0,3
2023-02-27,31.6,22.8,0.0,0
2023-02-28,30.6,21.5,0.0,1
2023-03-01,31.9,24.5,0.0,3
2023-03-02,31.7,24.6,0.0,3
2023-03-03,33.0,23.6,0.0,3
2023-03-04,31.6,22.8,0.0,1
2023-03-05,32.2,24.6,0.0,3
2023-03-06,31.8,25.4,0.0,3
2023-03-07,31.9,24.6,0.0,3
2023-03-08,31.8,24.7,0.0,2
2023-03-09,31.9,24.2,0.5,51
2023-03-10,33.1,25.1,0.1,51
2023-03-11,31.0,25.3,0.5,51
2023-03-12,32.0,25.1,0.0,0
2023-03-13,31.7,25.4,0.0,1
2023-03-14,32.3,26.3,0.0,3
2023-03-15,31.0,24.4,2.2,61
2023-03-16,30.9,24.5,0.8,51
2023-03-17,31.5,24.3,1.4,53
2023-03-18,30.0,23.8,0.7,51
2023-03-19,29.4,23.5,3.6,55
2023-03-20,30.3,24.7,4.6,61
2023-03-21,31.5,24.5,0.3,51
2023-03-22,30.8,24.8,0.0,3
2023-03-23,31.3,25.0,0.0,3
2023-03-24,31.6,25.6,1.3,55
2023-03-25,31.8,25.2,0.0,3
2023-03-26,31.0,25.4,1.6,61
2023-03-27,31.4,24.6,0.0,3
2023-03-28,31.6,26.3,0.0,3
2023-03-29,30.6,25.6,4.0,63
2023-03-30,31.0,24.3,8.3,63
2023-03-31,31.1,24.7,0.1,51
2023-04-01,31.4,25.4,0.3,51
2023-04-02,30.5,24.0,2.5,55
2023-04-03,31.1,25.8,1.1,53
2023-04-04,30.6,24.5,12.8,65
2023-04-05,30.5,24.8,2.3,53
2023-04-06,30.7,24.8,0.2,51
2023-04-07,30.2,24.8,2.7,61
2023-04-08,30.8,25.0,0.0,3
2023-04-09,30.8,25.5,3.8,61
2023-04-10,31.2,24.9,0.0,1
2023-04-11,31.2,26.0,0.3,51
2023-04-12,31.6,25.9,0.2,51
2023-04-13,31.8,26.0,0.0,1
2023-04-14,31.7,26.2,0.1,51
2023-04-15,32.3,26.5,0.2,51
2023-04-16,32.2,25.9,1.0,53
2023-04-17,32.0,26.1,0.1,51
2023-04-18,32.1,26.0,2.2,61
2023-04-19,32.1,26.5,1.8,61
2023-04-20,31.5,25.4,4.3,61
2023-04-21,31.1,26.2,3.9,55
2023-04-22,30.9,25.1,9.7,63
2023-04-23,31.9,25.2,1.0,53
2023-04-24,31.9,27.4,7.8,63
2023-04-25,29.5,25.2,14.5,63
2023-04-26,30.5,25.3,11.6,63
2023-04-27,31.4,25.2,3.4,55
2023-04-28,30.2,25.5,10.3,63
2023-04-29,29.7,24.6,16.9,63
2023-04-30,30.4,25.0,18.4,63
2023-05-01,29.4,24.1,26.6,63
2023-05-02,29.7,24.6,14.5,63
2023-05-03,29.4,24.2,6.1,61
2023-05-04,30.9,25.9,0.3,51
2023-05-05,29.9,25.8,2.0,55
2023-05-06,30.7,26.3,6.0,63
2023-05-07,29.7,24.5,2.7,53
2023-05-08,30.9,26.2,1.1,51
2023-05-09,30.7,25.3,20.2,63
2023-05-10,30.6,25.2,8.1,63
2023-05-11,29.2,24.1,9.4,63
2023-05-12,30.6,25.0,11.6,63
2023-05-13,30.5,26.5,1.1,51
2023-05-14,31.2,26.3,8.1,63
2023-05-15,30.4,26.2,3.3,53
2023-05-16,31.6,26.7,0.7,51
2023-05-17,31.5,26.9,2.2,55
2023-05-18,31.8,27.2,6.2,63
2023-05-19,29.5,26.7,7.1,63
2023-05-20,30.0,26.2,2.2,53
2023-05-21,29.9,25.3,4.5,55
2023-05-22,30.6,25.6,2.5,61
2023-05-23,30.6,25.7,3.4,61
2023-05-24,30.2,25.4,3.0,61
2023-05-25,30.3,25.5,3.5,53
2023-05-26,29.6,25.7,4.7,61
2023-05-27,30.3,25.8,1.5,53
2023-05-28,31.3,25.0,19.1,65
2023-05-29,31.3,26.7,3.7,55
2023-05-30,30.9,26.4,2.6,61
2023-05-31,30.0,26.0,3.2,55
2023-06-01,29.2,25.2,9.1,63
2023-06-02,30.4,25.8,1.0,51
2023-06-03,30.3,25.2,13.5,63
2023-06-04,30.3,24.9,12.6,63
2023-06-05,29.9,25.7,11.3,63
2023-06-06,30.7,24.4,6.1,61
2023-06-07,28.4,24.3,22.1,65
2023-06-08,28.8,25.5,5.4,61
2023-06-09,29.1,25.0,16.3,63
2023-06-10,29.4,24.0,14.6,63
2023-06-11,30.2,25.3,15.6,65
2023-06-12,27.1,24.9,28.0,63
2023-06-13,28.5,25.1,17.7,63
2023-06-14,28.8,25.0,6.0,61
2023-06-15,29.8,25.9,1.0,51
2023-06-16,30.3,25.9,2.4,51
2023-06-17,28.8,25.0,4.0,53
2023-06-18,29.2,24.9,11.1,63
2023-06-19,28.6,24.5,6.1,61
2023-06-20,28.0,24.7,4.8,61
2023-06-21,29.4,25.0,5.7,61
2023-06-22,29.0,24.7,4.5,61
2023-06-23,28.1,24.5,4.0,61
2023-06-24,29.2,24.1,1.7,51
2023-06-25,28.2,24.7,14.7,63
2023-06-26,28.5,24.9,16.9,63
2023-06-27,26.6,24.2,43.3,63
2023-06-28,29.4,24.0,12.8,63
2023-06-29,27.6,24.3,13.9,61
2023-06-30,28.4,24.6,3.7,53
2023-07-01,29.4,25.0,4.4,53
2023-07-02,28.2,24.4,18.8,63
2023-07-03,27.3,23.7,46.4,63
2023-07-04,26.8,24.1,66.9,63
2023-07-05,25.6,24.5,75.0,63
2023-07-06,25.8,24.2,62.0,63
2023-07-07,26.7,24.2,23.9,63
2023-07-08,26.5,23.8,47.5,63
2023-07-09,28.8,23.9,2.2,55
2023-07-10,27.7,24.6,3.4,53
2023-07-11,27.4,23.9,5.8,63
2023-07-12,28.3,24.3,3.6,55
2023-07-13,27.6,24.2,25.7,63
2023-07-14,27.5,24.2,10.4,61
2023-07-15,28.2,24.9,2.6,53
2023-07-16,28.1,25.3,8.9,63
2023-07-17,27.7,24.8,4.5,55
2023-07-18,28.5,24.0,12.7,61
2023-07-19,28.6,24.3,15.3,63
2023-07-20,29.5,24.0,8.6,61
2023-07-21,29.4,25.3,5.5,55
2023-07-22,28.4,24.3,12.3,61
2023-07-23,26.4,24.0,20.8,63
2023-07-24,26.8,23.8,16.9,63
2023-07-25,27.0,23.4,1.8,53
2023-07-26,27.6,23.4,10.1,63
2023-07-27,28.7,23.8,7.1,63
2023-07-28,28.4,24.4,1.2,51
2023-07-29,28.9,25.1,0.6,51
2023-07-30,28.5,25.1,1.1,51
2023-07-31,28.4,25.1,1.3,51
2023-08-01,28.8,24.7,2.6,53
2023-08-02,28.6,25.2,1.6,51
2023-08-03,29.1,25.4,3.7,53
2023-08-04,28.2,24.2,4.1,61
2023-08-05,29.8,24.3,2.9,53
2023-08-06,28.5,24.5,3.1,53
2023-08-07,28.9,25.0,3.6,53
2023-08-08,28.2,24.3,2.6,55
2023-08-09,29.1,24.5,2.1,53
2023-08-10,28.9,25.1,4.1,53
2023-08-11,29.1,25.1,4.6,61
2023-08-12,28.5,24.0,4.0,55
2023-08-13,28.6,25.3,2.2,51
2023-08-14,28.6,24.6,3.1,51
2023-08-15,28.9,24.3,1.7,51
2023-08-16,29.0,24.1,0.1,51
2023-08-17,28.7,24.3,2.8,55
2023-08-18,28.6,24.4,5.7,53
2023-08-19,28.2,24.1,2.5,53
2023-08-20,29.0,24.6,1.4,51
2023-08-21,29.1,25.0,1.1,51
2023-08-22,29.8,25.3,1.3,51
2023-08-23,29.4,25.6,1.2,53
2023-08-24,29.7,24.5,2.6,55
2023-08-25,29.7,24.5,0.9,53
2023-08-26,29.2,24.8,1.7,51
2023-08-27,29.3,25.2,2.0,51
2023-08-28,29.7,24.7,19.6,65
2023-08-29,29.3,23.6,18.2,63
2023-08-30,29.1,24.2,7.5,61
2023-08-31,29.4,24.6,12.1,65
2023-09-01,29.6,24.1,9.3,63
2023-09-02,28.9,24.9,11.1,63
2023-09-03,27.0,24.2,20.7,63
2023-09-04,27.3,24.3,25.3,63
2023-09-05,26.6,24.2,27.8,63
2023-09-06,26.0,24.0,28.1,63
2023-09-07,25.8,24.2,34.4,63
2023-09-08,26.3,23.6,36.1,63
2023-09-09,28.4,24.2,27.5,63
2023-09-10,27.2,24.1,52.2,65
2023-09-11,28.2,24.2,34.5,63
2023-09-12,29.0,23.6,6.9,61
2023-09-13,27.7,24.3,8.1,61
2023-09-14,28.4,24.2,10.5,61
2023-09-15,26.5,24.3,26.7,63
2023-09-16,28.7,24.1,24.2,63
2023-09-17,28.5,23.9,12.6,63
2023-09-18,25.7,23.7,34.0,63
2023-09-19,28.0,23.5,40.6,65
2023-09-20,28.4,24.1,10.0,63
2023-09-21,28.7,24.0,13.2,63
2023-09-22,28.2,23.9,29.7,65
2023-09-23,28.5,23.9,22.4,63
2023-09-24,28.6,23.6,10.2,63
2023-09-25,28.5,24.0,20.8,63
2023-09-26,28.7,24.6,8.9,63
2023-09-27,28.7,24.2,4.7,53
2023-09-28,26.6,24.0,26.9,63
2023-09-29,26.3,23.7,32.9,63
2023-09-30,26.8,23.4,43.6,65
2023-10-01,26.8,24.5,35.9,63
2023-10-02,26.9,23.8,14.3,63
2023-10-03,29.1,24.0,3.2,53
2023-10-04,29.3,24.1,4.4,55
2023-10-05,29.3,24.0,0.5,51
2023-10-06,30.1,24.9,1.2,51
2023-10-07,29.8,24.8,0.0,3
2023-10-08,29.8,24.6,0.2,51
2023-10-09,30.8,24.8,0.0,3
2023-10-10,30.6,25.1,4.2,61
2023-10-11,29.0,24.1,28.9,63
2023-10-12,28.3,23.9,19.6,63
2023-10-13,29.5,23.7,5.5,61
2023-10-14,29.1,23.9,46.4,65
2023-10-15,28.4,23.5,19.2,63
2023-10-16,29.7,24.3,3.4,55
2023-10-17,29.9,23.8,32.2,65
2023-10-18,28.8,23.7,22.7,63
2023-10-19,29.1,24.1,6.7,61
2023-10-20,29.0,24.1,1.9,53
2023-10-21,29.4,24.1,3.6,61
2023-10-22,29.2,23.8,13.9,63
2023-10-23,28.5,23.4,19.9,63
2023-10-24,28.4,23.1,5.4,63
2023-10-25,29.2,23.8,1.4,51
2023-10-26,29.9,24.8,0.7,51
2023-10-27,29.1,23.9,3.5,61
2023-10-28,29.3,23.6,15.5,65
2023-10-29,29.9,24.2,28.1,65
2023-10-30,29.0,23.9,10.6,63
2023-10-31,29.2,24.2,9.2,63
2023-11-01,29.6,24.0,10.4,63
2023-11-02,29.6,23.8,11.5,65
2023-11-03,29.6,23.7,12.0,63
2023-11-04,27.2,23.8,22.5,63
2023-11-05,28.4,23.7,21.5,65
2023-11-06,30.0,23.9,5.9,63
2023-11-07,29.3,23.7,5.3,61
2023-11-08,29.4,24.3,49.0,65
2023-11-09,29.5,24.2,15.0,63
2023-11-10,29.7,24.2,5.2,61
2023-11-11,30.2,24.2,1.2,53
2023-11-12,30.0,24.8,0.1,51
2023-11-13,30.5,23.7,0.0,3
2023-11-14,29.1,24.6,1.0,53
2023-11-15,29.7,23.9,2.2,55
2023-11-16,30.1,23.9,1.9,53
2023-11-17,30.2,24.5,2.2,53
2023-11-18,29.0,24.8,9.2,63
2023-11-19,29.4,24.4,0.2,51
2023-11-20,29.6,24.2,0.1,51
2023-11-21,30.6,24.8,3.6,63
2023-11-22,29.4,24.5,34.9,65
2023-11-23,27.1,24.0,35.0,65
2023-11-24,30.6,24.4,12.6,65
2023-11-25,29.8,24.2,2.8,61
2023-11-26,30.3,23.9,0.0,3
2023-11-27,30.4,25.0,0.0,3
2023-11-28,30.5,25.0,2.5,61
2023-11-29,30.3,24.0,0.3,51
2023-11-30,30.5,24.3,1.4,53
2023-12-01,29.7,24.9,10.9,63
2023-12-02,29.4,24.3,0.0,3
2023-12-03,29.3,24.0,1.1,53
2023-12-04,29.4,24.6,1.1,51
2023-12-05,30.3,24.7,2.0,53
2023-12-06,30.2,24.4,0.5,51
2023-12-07,30.1,24.7,0.0,3
2023-12-08,31.3,25.0,3.4,61
2023-12-09,29.1,24.4,2.8,53
2023-12-10,30.6,24.6,8.8,63
2023-12-11,29.1,24.2,0.0,3
2023-12-12,29.5,25.0,8.3,63
2023-12-13,30.9,23.9,0.0,3
2023-12-14,30.5,24.0,0.0,3
2023-12-15,30.4,23.6,0.0,3
2023-12-16,30.0,24.3,1.3,53
2023-12-17,27.4,24.4,11.1,61
2023-12-18,26.7,24.5,19.8,63
2023-12-19,30.5,24.3,0.0,3
2023-12-20,31.4,24.8,0.0,3
2023-12-21,30.4,24.5,0.1,51
2023-12-22,30.8,24.5,0.0,3
2023-12-23,31.5,24.0,0.0,3
2023-12-24,32.1,22.1,0.0,3
2023-12-25,31.3,24.4,0.0,3
2023-12-26,31.4,24.3,0.0,3
2023-12-27,32.1,22.3,0.0,3
2023-12-28,32.5,24.3,0.1,51
2023-12-29,32.7,24.5,0.1,51
2023-12-30,33.1,24.4,0.2,51
2023-12-31,33.2,25.1,0.0,3
2024-01-01,31.3,24.8,0.1,51
2024-01-02,31.7,24.7,0.2,51
2024-01-03,30.7,24.8,18.9,65
2024-01-04,30.6,24.1,35.4,65
2024-01-05,28.3,24.6,36.3,63
2024-01-06,29.6,23.7,26.6,63
2024-01-07,29.8,23.9,1.7,53
2024-01-08,29.6,24.4,8.9,63
2024-01-09,28.0,24.0,33.9,65
2024-01-10,29.6,24.4,5.6,61
2024-01-11,31.5,23.8,0.0,3
2024-01-12,31.6,24.2,0.0,3
2024-01-13,30.3,23.7,0.0,3
2024-01-14,30.5,23.8,0.0,3
2024-01-15,30.0,23.1,0.0,3
2024-01-16,29.2,23.7,4.2,61
2024-01-17,29.0,24.0,2.8,55
2024-01-18,30.2,23.8,2.4,61
2024-01-19,29.8,24.5,2.0,55
2024-01-20,29.4,23.4,14.3,65
2024-01-21,31.9,24.0,3.2,63
2024-01-22,31.0,23.9,3.4,63
2024-01-23,30.7,24.5,1.6,55
2024-01-24,28.9,24.6,45.8,65
2024-01-25,30.8,23.8,0.2,51
2024-01-26,32.7,23.7,0.0,3
2024-01-27,33.3,23.6,0.0,3
2024-01-28,31.2,23.4,0.0,3
2024-01-29,31.4,23.9,0.0,3
2024-01-30,32.2,23.5,0.0,3
2024-01-31,31.8,24.3,0.0,3
2024-02-01,32.9,24.4,1.0,53
2024-02-02,31.8,24.3,0.4,51
2024-02-03,30.8,24.6,1.8,53
2024-02-04,32.2,24.9,0.0,3
2024-02-05,33.5,24.8,0.0,3
2024-02-06,33.4,23.4,0.0,3
2024-02-07,32.3,23.8,0.0,3
2024-02-08,32.6,23.8,0.0,3
2024-02-09,32.5,24.0,0.3,51
2024-02-10,34.0,24.2,0.0,3
2024-02-11,33.4,24.8,0.0,3
2024-02-12,32.4,24.5,0.0,3
2024-02-13,33.1,23.9,0.2,51
2024-02-14,33.2,25.7,0.0,3
2024-02-15,32.7,25.1,0.2,51
2024-02-16,34.9,25.0,0.0,3
2024-02-17,33.9,24.8,0.3,51
2024-02-18,31.9,23.7,5.5,63
2024-02-19,34.6,25.0,0.0,3
2024-02-20,33.6,25.6,0.1,51
2024-02-21,31.0,24.6,11.3,63
2024-02-22,31.8,25.0,1.4,61
2024-02-23,32.1,25.6,0.3,51
2024-02-24,31.2,23.5,4.9,63
2024-02-25,33.1,26.5,0.0,2
2024-02-26,33.1,25.6,0.6,53
2024-02-27,35.1,25.4,0.0,3
2024-02-28,33.2,25.5,0.0,3
2024-02-29,33.5,25.5,0.0,3
2024-03-01,33.3,25.6,0.1,51
2024-03-02,32.8,25.9,0.0,3
2024-03-03,31.7,25.7,2.3,61
2024-03-04,31.4,24.5,1.4,53
2024-03-05,33.2,25.7,0.7,53
2024-03-06,32.7,25.5,1.9,55
2024-03-07,32.6,26.1,0.0,3
2024-03-08,32.4,25.2,0.0,2
2024-03-09,32.6,25.4,1.0,53
2024-03-10,32.9,25.3,0.1,51
2024-03-11,31.3,25.0,11.2,63
2024-03-12,32.6,24.9,0.0,3
2024-03-13,31.1,26.4,1.8,53
2024-03-14,32.0,25.8,0.6,51
2024-03-15,31.8,25.0,3.8,55
2024-03-16,31.7,24.3,2.4,61
2024-03-17,32.2,25.5,2.3,55
2024-03-18,31.8,24.6,2.0,61
2024-03-19,32.6,24.5,0.9,51
2024-03-20,32.4,25.2,1.1,53
2024-03-21,33.2,25.3,0.0,1
2024-03-22,32.6,25.3,6.5,61
2024-03-23,32.4,25.0,3.0,55
2024-03-24,32.1,24.8,3.7,61
2024-03-25,32.1,24.3,4.4,61
2024-03-26,32.3,25.0,1.3,53
2024-03-27,32.5,25.7,1.0,53
2024-03-28,31.9,25.6,5.8,63
2024-03-29,30.0,23.4,23.6,65
2024-03-30,32.5,26.2,0.8,51
2024-03-31,31.6,25.8,0.5,51
2024-04-01,32.6,26.2,1.3,53
2024-04-02,31.9,25.0,19.4,63
2024-04-03,31.0,25.2,11.2,65
2024-04-04,32.0,25.5,31.1,65
2024-04-05,31.0,24.3,4.6,63
2024-04-06,33.5,26.8,0.0,3
2024-04-07,32.3,25.7,9.7,63
2024-04-08,33.2,25.1,24.9,65
2024-04-09,32.4,25.8,1.9,55
2024-04-10,32.8,26.5,0.9,53
2024-04-11,32.5,26.1,18.4,65
2024-04-12,32.7,25.4,16.0,65
2024-04-13,32.0,25.7,9.6,63
2024-04-14,32.2,25.2,3.7,61
2024-04-15,34.2,26.0,0.0,3
2024-04-16,32.5,25.2,2.6,55
2024-04-17,31.7,26.0,0.8,51
2024-04-18,32.4,26.5,2.8,53
2024-04-19,31.6,26.2,4.7,61
2024-04-20,33.0,26.3,4.2,61
2024-04-21,33.1,25.0,18.3,65
2024-04-22,32.2,25.5,5.4,63
2024-04-23,33.5,25.9,1.6,61
2024-04-24,32.0,25.9,0.6,53
2024-04-25,33.1,26.4,3.1,63
2024-04-26,33.8,25.9,16.7,65
2024-04-27,33.7,26.0,1.8,61
2024-04-28,32.7,26.1,3.3,61
2024-04-29,33.5,26.1,1.7,55
2024-04-30,32.5,24.9,13.8,63
2024-05-01,32.8,26.0,1.2,51
2024-05-02,34.1,26.4,1.7,53
2024-05-03,33.6,25.7,10.2,63
2024-05-04,33.0,25.8,5.2,63
2024-05-05,32.6,25.5,13.5,65
2024-05-06,34.2,28.6,0.3,51
2024-05-07,34.6,27.6,0.1,51
2024-05-08,33.7,26.0,27.5,65
2024-05-09,33.1,25.7,7.9,63
2024-05-10,31.1,25.0,9.9,63
2024-05-11,31.8,27.3,42.0,65
2024-05-12,31.4,26.0,35.7,65
2024-05-13,30.7,26.2,0.9,51
2024-05-14,29.9,26.4,9.5,63
2024-05-15,32.1,25.8,27.8,65
2024-05-16,30.5,25.9,13.8,63
2024-05-17,29.7,24.8,56.7,65
2024-05-18,29.1,25.3,15.6,63
2024-05-19,29.4,24.6,25.7,63
2024-05-20,26.8,24.8,69.2,65
2024-05-21,29.1,25.3,34.2,65
2024-05-22,27.3,25.3,152.2,65
2024-05-23,28.0,25.4,146.7,65
2024-05-24,27.7,25.4,62.7,65
2024-05-25,28.8,24.0,66.9,65
2024-05-26,29.7,24.2,27.0,63
2024-05-27,28.5,24.6,56.7,65
2024-05-28,26.6,25.0,171.9,65
2024-05-29,28.2,25.4,28.3,63
2024-05-30,28.3,24.2,87.4,65
2024-05-31,29.6,25.3,38.8,65
2024-06-01,29.8,24.8,10.1,63
2024-06-02,28.0,25.3,33.2,63
2024-06-03,29.0,23.9,33.6,65
2024-06-04,29.1,25.0,13.0,63
2024-06-05,28.5,24.7,36.2,63
2024-06-06,27.5,25.1,37.4,65
2024-06-07,27.5,25.1,15.2,63
2024-06-08,27.5,24.5,37.9,63
2024-06-09,28.5,24.7,12.6,63
2024-06-10,28.7,24.5,10.6,63
2024-06-11,28.7,24.7,13.6,65
2024-06-12,26.9,24.7,8.9,61
2024-06-13,28.4,24.5,9.4,63
2024-06-14,29.0,24.9,2.0,51
2024-06-15,29.6,24.1,1.2,53
2024-06-16,29.5,25.1,5.7,63
2024-06-17,28.7,25.4,24.6,63
2024-06-18,28.2,24.4,29.2,65
2024-06-19,27.8,24.2,26.8,63
2024-06-20,27.3,23.8,34.6,63
2024-06-21,26.2,23.6,29.4,63
2024-06-22,27.0,24.2,32.1,63
2024-06-23,27.0,24.5,50.8,65
2024-06-24,27.1,24.6,43.7,65
2024-06-25,26.8,24.4,53.2,63
2024-06-26,26.6,24.6,47.0,63
2024-06-27,26.9,23.8,26.7,63
2024-06-28,28.8,24.0,6.4,55
2024-06-29,28.9,24.5,4.9,55
2024-06-30,28.0,24.5,18.0,63
2024-07-01,27.6,25.1,13.3,61
2024-07-02,28.7,25.0,3.1,53
2024-07-03,28.9,24.7,9.3,63
2024-07-04,29.1,24.0,14.4,63
2024-07-05,27.6,24.5,5.9,61
2024-07-06,27.9,24.5,5.8,63
2024-07-07,28.5,24.9,5.4,61
2024-07-08,26.3,24.1,25.7,63
2024-07-09,28.1,23.7,5.5,61
2024-07-10,28.7,23.7,35.4,65
2024-07-11,28.8,24.0,0.6,53
2024-07-12,27.2,25.0,23.7,63
2024-07-13,26.6,24.6,33.3,63
2024-07-14,27.9,24.1,14.7,63
2024-07-15,26.8,24.2,39.3,63
2024-07-16,27.6,24.2,35.4,65
2024-07-17,26.5,24.7,25.5,63
2024-07-18,26.4,24.6,27.2,63
2024-07-19,27.0,23.9,6.7,55
2024-07-20,29.1,24.4,8.6,55
2024-07-21,29.5,25.1,4.0,53
2024-07-22,28.2,25.0,3.6,53
2024-07-23,28.6,24.9,3.5,53
2024-07-24,28.9,24.4,2.5,53
2024-07-25,28.1,24.2,12.4,63
2024-07-26,28.4,24.6,11.8,61
2024-07-27,28.2,24.8,7.0,55
2024-07-28,28.1,23.9,15.6,63
2024-07-29,26.4,23.7,44.2,63
2024-07-30,26.7,24.2,33.6,63
2024-07-31,26.3,24.3,22.0,63
2024-08-01,27.4,24.1,5.9,61
2024-08-02,27.8,23.8,4.9,61
2024-08-03,29.0,24.4,4.1,61
2024-08-04,28.4,24.5,8.8,61
2024-08-05,28.4,24.5,8.1,63
2024-08-06,28.4,24.0,7.9,63
2024-08-07,27.5,24.8,2.4,51
2024-08-08,27.1,24.6,16.5,63
2024-08-09,28.7,24.2,1.3,53
2024-08-10,27.8,24.5,11.4,63
2024-08-11,29.0,25.4,3.5,53
2024-08-12,29.0,25.5,32.2,63
2024-08-13,28.7,24.6,16.7,63
2024-08-14,29.0,24.4,8.3,63
2024-08-15,29.0,25.0,1.6,51
2024-08-16,28.3,25.3,10.5,63
2024-08-17,28.3,25.3,5.0,53
2024-08-18,28.3,24.9,0.8,51
2024-08-19,28.8,25.3,10.4,61
2024-08-20,29.3,24.9,14.1,63
2024-08-21,29.3,24.3,11.7,63
2024-08-22,29.0,24.4,2.6,53
2024-08-23,28.9,24.3,1.6,51
2024-08-24,27.9,25.0,7.1,63
2024-08-25,29.2,24.8,5.4,53
2024-08-26,29.0,24.6,6.3,53
2024-08-27,27.9,24.3,7.6,61
2024-08-28,27.4,24.5,4.0,53
2024-08-29,26.4,24.1,12.7,61
2024-08-30,28.0,23.7,26.3,63
2024-08-31,27.0,24.0,7.5,55
2024-09-01,27.2,24.6,13.7,61
2024-09-02,28.3,24.3,7.4,53
2024-09-03,26.8,23.9,12.1,63
2024-09-04,27.5,24.5,5.1,55
2024-09-05,28.7,25.0,3.5,53
2024-09-06,28.5,23.9,2.8,51
2024-09-07,28.8,25.1,4.5,53
2024-09-08,27.8,24.5,10.6,63
2024-09-09,26.9,24.8,22.6,63
2024-09-10,28.4,24.2,9.9,55
2024-09-11,26.8,23.9,10.3,55
2024-09-12,28.1,24.0,1.3,51
2024-09-13,28.8,24.6,1.7,53
2024-09-14,28.6,24.8,8.5,63
2024-09-15,28.8,25.0,4.6,61
2024-09-16,29.2,25.2,1.2,51
2024-09-17,29.1,24.9,3.0,53
2024-09-18,29.1,24.5,2.3,53
2024-09-19,28.6,24.4,1.3,51
2024-09-20,28.7,23.6,1.9,53
2024-09-21,28.6,24.1,2.1,51
2024-09-22,28.3,24.5,5.9,61
2024-09-23,28.1,24.6,25.7,65
2024-09-24,28.9,24.5,4.6,55
2024-09-25,29.0,24.5,4.7,53
2024-09-26,29.1,24.2,1.7,53
2024-09-27,29.1,24.9,3.6,55
2024-09-28,29.2,25.2,0.4,51
2024-09-29,30.7,24.6,17.1,63
2024-09-30,30.5,23.9,10.7,65
2024-10-01,29.9,24.2,1.4,53
2024-10-02,30.0,25.4,3.6,61
2024-10-03,29.4,25.3,4.1,55
2024-10-04,29.6,25.1,6.8,61
2024-10-05,28.0,23.7,1.0,51
2024-10-06,29.2,25.1,15.9,63
2024-10-07,28.8,24.1,23.4,63
2024-10-08,29.1,24.3,2.3,53
2024-10-09,27.7,24.4,28.9,63
2024-10-10,27.6,23.9,8.8,61
2024-10-11,27.9,24.2,15.2,63
2024-10-12,28.8,24.2,30.0,65
2024-10-13,28.7,24.3,2.9,55
2024-10-14,28.5,24.0,23.8,63
2024-10-15,26.9,23.3,21.7,63
2024-10-16,27.2,24.2,10.4,61
2024-10-17,28.2,24.4,3.5,53
2024-10-18,28.9,23.8,1.5,51
2024-10-19,28.8,24.3,2.5,53
2024-10-20,29.7,24.4,0.4,51
2024-10-21,28.6,24.3,20.9,65
2024-10-22,29.7,24.9,1.1,53
2024-10-23,29.4,23.7,13.8,63
2024-10-24,28.4,23.2,20.7,63
2024-10-25,27.0,23.8,29.6,63
2024-10-26,28.9,23.1,13.6,63
2024-10-27,28.5,23.5,2.0,53
2024-10-28,28.9,24.1,1.3,53
2024-10-29,29.5,23.5,0.6,51
2024-10-30,29.3,24.5,0.5,51
2024-10-31,29.8,24.7,1.2,53
2024-11-01,29.4,24.0,3.9,61
2024-11-02,29.2,24.1,29.9,63
2024-11-03,29.9,23.3,11.7,63
2024-11-04,28.7,23.1,8.0,61
2024-11-05,28.5,22.9,0.6,51
2024-11-06,28.6,23.6,1.2,55
2024-11-07,29.2,23.9,1.3,53
2024-11-08,28.7,24.0,11.3,63
2024-11-09,29.2,24.0,0.5,51
2024-11-10,29.2,23.6,1.4,53
2024-11-11,29.2,24.1,1.6,53
2024-11-12,29.6,23.9,0.8,53
2024-11-13,31.2,24.2,1.5,61
2024-11-14,30.5,24.6,16.3,63
2024-11-15,30.2,24.3,14.2,65
2024-11-16,29.9,24.3,12.5,65
2024-11-17,30.7,24.5,2.2,61
2024-11-18,30.0,24.7,0.0,3
2024-11-19,32.6,24.5,0.4,51
2024-11-20,28.0,24.2,7.2,63
2024-11-21,31.6,24.4,0.2,51
2024-11-22,32.0,25.0,0.4,51
2024-11-23,31.3,24.7,0.3,51
2024-11-24,31.5,24.6,0.8,53
2024-11-25,32.7,25.4,1.9,61
2024-11-26,28.9,24.5,14.7,63
2024-11-27,29.4,24.3,1.8,53
2024-11-28,30.2,24.3,0.1,51
2024-11-29,31.0,25.1,0.2,51
2024-11-30,30.1,25.3,2.3,53
2024-12-01,29.1,24.8,11.0,61
2024-12-02,27.4,24.2,33.3,63
2024-12-03,28.9,23.8,4.8,55
2024-12-04,29.1,24.9,1.9,53
2024-12-05,30.0,24.0,3.1,55
2024-12-06,30.2,23.9,0.2,51
2024-12-07,29.8,24.4,2.7,61
2024-12-08,30.3,24.2,1.2,53
2024-12-09,30.6,23.9,0.3,51
2024-12-10,29.8,24.1,4.8,61
2024-12-11,31.2,24.0,0.0,3
2024-12-12,27.2,24.8,35.6,63
2024-12-13,28.1,24.8,23.1,63
2024-12-14,28.6,24.2,3.7,61
2024-12-15,30.1,23.1,0.0,3
2024-12-16,30.6,23.0,0.0,3
2024-12-17,30.3,24.6,0.0,3
2024-12-18,30.0,23.4,0.0,3
2024-12-19,30.7,23.5,0.1,51
2024-12-20,30.6,24.4,0.5,51
2024-12-21,30.6,24.5,0.4,51
2024-12-22,30.5,24.6,2.4,53
2024-12-23,30.7,23.9,0.4,51
2024-12-24,30.4,23.1,0.0,2
2024-12-25,30.3,23.1,0.1,51
2024-12-26,30.0,23.8,0.3,51
2024-12-27,30.2,24.4,1.9,51
2024-12-28,31.0,24.7,0.0,3
2024-12-29,31.3,24.6,0.1,51
2024-12-30,32.5,24.3,0.5,51
2024-12-31,33.0,25.7,0.3,51
2025-01-01,34.1,24.3,0.0,3
2025-01-02,31.9,23.7,0.0,3
2025-01-03,34.2,22.7,0.0,3
2025-01-04,32.4,23.3,0.0,3
2025-01-05,33.0,22.5,0.0,3
2025-01-06,32.6,22.9,0.0,2
2025-01-07,31.3,22.9,0.0,0
2025-01-08,31.4,23.7,0.4,51
2025-01-09,33.1,24.4,0.0,3
2025-01-10,33.1,24.4,0.0,3
2025-01-11,31.8,25.7,0.6,53
2025-01-12,33.1,25.4,0.4,51
2025-01-13,32.4,25.5,2.4,61
2025-01-14,30.4,25.2,1.0,51
2025-01-15,31.0,25.2,1.4,53
2025-01-16,31.5,24.5,0.0,3
2025-01-17,33.1,24.4,0.0,3
2025-01-18,33.2,23.3,0.0,3
2025-01-19,28.5,25.2,2.5,53
2025-01-20,31.1,24.9,0.0,3
2025-01-21,32.7,24.3,0.0,3
2025-01-22,32.6,23.7,0.0,3
2025-01-23,33.4,25.7,0.8,51
2025-01-24,32.8,24.5,0.0,3
2025-01-25,33.8,24.8,0.0,3
2025-01-26,32.6,25.7,0.0,3
2025-01-27,33.0,23.6,0.0,3
2025-01-28,31.5,23.6,0.0,3
2025-01-29,32.8,25.1,0.0,3
2025-01-30,32.8,25.1,0.0,3
2025-01-31,32.5,25.2,2.6,61
2025-02-01,30.9,24.1,2.1,55
2025-02-02,31.6,23.9,2.0,53
2025-02-03,30.6,25.0,1.1,53
2025-02-04,34.1,24.7,0.0,3
2025-02-05,33.0,24.1,0.0,2
2025-02-06,32.2,24.2,0.0,0
2025-02-07,33.4,24.5,0.0,3
2025-02-08,33.0,23.5,0.0,3
2025-02-09,34.2,24.1,0.0,3
2025-02-10,32.4,24.4,0.0,3
2025-02-11,32.2,24.6,0.0,3
2025-02-12,32.3,24.0,0.0,3
2025-02-13,31.7,24.5,0.0,3
2025-02-14,31.6,24.1,0.0,3
2025-02-15,32.3,24.6,0.0,3
2025-02-16,32.0,25.3,0.2,51
2025-02-17,31.4,25.0,0.2,51
2025-02-18,31.2,25.1,0.0,3
2025-02-19,31.8,24.6,0.1,51
2025-02-20,32.3,25.6,0.3,51
2025-02-21,32.2,25.6,0.0,1
2025-02-22,31.1,25.8,1.0,51
2025-02-23,32.3,25.2,1.0,53
2025-02-24,32.8,25.2,0.0,3
2025-02-25,33.1,24.4,2.6,61
2025-02-26,34.7,26.0,0.0,3
2025-02-27,34.0,26.7,0.3,51
2025-02-28,34.9,25.7,0.7,53
2025-03-01,32.7,26.2,3.2,55
2025-03-02,33.7,26.3,4.9,61
2025-03-03,33.6,25.3,0.1,51
2025-03-04,32.1,26.3,0.7,51
2025-03-05,32.2,26.0,0.7,53
2025-03-06,32.4,25.3,0.2,51
2025-03-07,33.1,25.8,5.5,63
2025-03-08,30.5,25.2,1.2,51
2025-03-09,32.2,25.5,1.8,53
2025-03-10,34.2,25.6,0.4,51
2025-03-11,34.9,25.7,0.2,51
2025-03-12,33.4,26.0,10.4,63
2025-03-13,31.7,24.6,0.0,3
2025-03-14,32.0,25.6,0.3,51
2025-03-15,33.1,25.7,3.2,61
2025-03-16,31.9,25.4,20.9,65
2025-03-17,30.3,23.7,13.2,63
2025-03-18,31.5,25.3,11.5,63
2025-03-19,31.4,24.3,1.8,61
2025-03-20,32.2,25.5,0.5,51
2025-03-21,31.8,26.3,5.0,63
2025-03-22,31.0,25.3,2.1,53
2025-03-23,31.7,25.1,3.0,61
2025-03-24,32.5,25.6,0.8,53
2025-03-25,31.7,25.4,9.1,63
2025-03-26,31.7,25.1,2.3,61
2025-03-27,31.7,25.0,0.0,3
2025-03-28,33.4,24.7,3.4,63
2025-03-29,32.0,24.5,0.3,51
2025-03-30,32.0,26.6,0.4,51
2025-03-31,32.6,26.0,1.6,53
2025-04-01,33.1,24.9,1.4,53
2025-04-02,31.5,25.3,8.8,63
2025-04-03,32.0,25.2,2.4,55
2025-04-04,32.9,25.2,3.6,61
2025-04-05,30.6,24.5,8.3,63
2025-04-06,30.8,25.0,18.5,65
2025-04-07,31.1,25.7,1.3,53
2025-04-08,31.7,25.5,0.6,53
2025-04-09,31.3,23.6,9.8,63
2025-04-10,30.2,24.9,0.9,53
2025-04-11,30.6,25.2,6.7,63
2025-04-12,29.9,24.7,3.4,61
2025-04-13,29.8,24.6,10.1,63
2025-04-14,31.1,25.5,0.2,51
2025-04-15,31.9,23.1,9.7,63
2025-04-16,32.1,25.0,1.4,61
2025-04-17,31.3,24.8,3.7,61
2025-04-18,32.5,26.2,1.7,55
2025-04-19,32.0,25.8,2.8,61
2025-04-20,33.8,26.5,2.3,55
2025-04-21,33.1,26.4,9.6,63
2025-04-22,31.7,25.2,1.0,51
2025-04-23,31.4,25.1,3.1,55
2025-04-24,31.5,25.4,3.6,61
2025-04-25,30.8,24.4,6.8,61
2025-04-26,31.5,25.6,12.3,65
2025-04-27,31.2,24.1,5.1,63
2025-04-28,30.5,24.3,17.0,63
2025-04-29,30.8,25.5,4.9,63
2025-04-30,31.2,25.3,2.2,53
2025-05-01,31.2,25.4,1.0,53
2025-05-02,31.8,25.0,13.6,63
2025-05-03,30.9,25.2,4.8,61
2025-05-04,31.8,24.6,4.5,61
2025-05-05,31.2,26.0,3.3,61
2025-05-06,31.3,25.0,5.4,61
2025-05-07,32.2,25.0,0.7,53
2025-05-08,32.2,25.8,0.0,3
2025-05-09,32.7,26.1,0.0,1
2025-05-10,33.4,26.0,0.0,3
2025-05-11,33.0,26.2,0.3,51
2025-05-12,32.2,26.2,8.7,61
2025-05-13,29.9,25.2,15.5,63
2025-05-14,30.7,25.3,9.1,63
2025-05-15,31.0,26.3,2.2,55
2025-05-16,30.7,26.1,1.8,51
2025-05-17,29.7,25.6,17.3,63
2025-05-18,29.3,24.7,19.3,63
2025-05-19,27.8,24.7,44.1,63
2025-05-20,29.9,25.3,17.4,63
2025-05-21,30.5,25.3,5.5,55
2025-05-22,30.0,25.6,3.7,55
2025-05-23,29.0,25.3,21.8,63
2025-05-24,27.2,24.3,38.8,63
2025-05-25,28.6,24.6,66.0,65
2025-05-26,27.8,25.8,83.4,63
2025-05-27,28.7,24.2,29.4,65
2025-05-28,30.7,26.0,14.0,63
2025-05-29,28.1,25.4,46.7,65
2025-05-30,26.6,25.2,92.4,65
2025-05-31,27.6,23.6,22.1,63
2025-06-01,30.0,24.7,3.7,55
2025-06-02,29.9,24.0,4.6,61
2025-06-03,29.4,24.2,9.6,61
2025-06-04,28.7,23.8,17.1,63
2025-06-05,30.1,25.1,1.1,51
2025-06-06,30.2,24.5,0.9,51
2025-06-07,29.4,24.0,2.8,53
2025-06-08,29.9,24.7,5.2,53
2025-06-09,29.6,23.5,2.9,61
2025-06-10,28.3,25.2,17.2,63
2025-06-11,28.0,23.2,44.4,65
2025-06-12,28.4,24.5,23.1,63
2025-06-13,27.5,25.1,29.6,63
2025-06-14,26.9,24.7,59.5,65
2025-06-15,27.8,24.3,69.2,63
2025-06-16,27.6,24.8,33.8,63
2025-06-17,28.2,24.1,23.5,63
2025-06-18,28.8,23.9,9.4,63
2025-06-19,28.1,24.4,7.5,61
2025-06-20,28.7,24.1,6.2,61
2025-06-21,28.2,24.6,5.5,61
2025-06-22,27.5,23.9,12.6,63
2025-06-23,28.4,23.9,6.5,61
2025-06-24,28.4,24.2,7.6,55
2025-06-25,28.1,23.8,26.7,63
2025-06-26,27.3,24.0,41.1,65
2025-06-27,29.1,24.1,13.8,63
2025-06-28,27.4,23.9,17.0,63
2025-06-29,28.0,23.7,5.6,61
2025-06-30,29.1,24.7,3.8,55
2025-07-01,28.2,24.1,6.4,61
2025-07-02,27.6,24.3,15.2,63
2025-07-03,28.2,24.2,4.4,61
2025-07-04,29.0,23.9,2.9,55
2025-07-05,28.7,24.4,1.8,53
2025-07-06,29.3,23.9,8.3,61
2025-07-07,28.9,23.8,2.2,51
2025-07-08,28.8,24.2,5.8,55
2025-07-09,29.1,24.3,4.4,61
2025-07-10,29.2,24.2,5.1,53
2025-07-11,29.3,24.4,11.3,63
2025-07-12,28.5,23.6,27.0,65
2025-07-13,27.7,24.7,16.1,63
2025-07-14,27.5,24.0,18.0,63
2025-07-15,27.0,24.4,16.5,61
2025-07-16,25.9,24.4,59.1,65
2025-07-17,27.3,23.8,21.0,63
2025-07-18,27.9,23.8,29.0,65
2025-07-19,25.6,24.2,50.8,63
2025-07-20,26.3,23.9,33.7,63
2025-07-21,26.5,23.7,24.2,63
2025-07-22,26.6,23.6,18.7,61
2025-07-23,26.2,23.9,28.9,63
2025-07-24,27.5,24.0,26.0,63
2025-07-25,28.5,24.0,17.7,63
2025-07-26,26.5,23.7,38.9,63
2025-07-27,26.5,23.1,6.7,61
2025-07-28,28.6,23.5,0.8,51
2025-07-29,29.3,24.4,2.2,55
2025-07-30,28.7,24.1,4.4,61
2025-07-31,27.5,23.6,11.5,65
2025-08-01,27.7,24.9,11.6,63
2025-08-02,27.1,24.4,46.7,65
2025-08-03,26.8,24.2,26.6,63
2025-08-04,28.2,23.8,6.3,61
2025-08-05,27.0,24.0,15.0,63
2025-08-06,27.9,23.8,1.6,51
2025-08-07,27.8,24.7,2.7,51
2025-08-08,28.2,24.6,3.6,55
2025-08-09,27.3,24.4,10.7,63
2025-08-10,27.9,23.6,12.9,63
2025-08-11,28.0,23.2,17.6,63
2025-08-12,27.5,23.4,15.0,63
2025-08-13,26.3,23.8,11.2,55
2025-08-14,26.7,23.2,24.7,65
2025-08-15,27.0,23.2,56.2,65
2025-08-16,26.7,23.3,22.5,63
2025-08-17,27.3,23.4,17.4,61
2025-08-18,28.3,23.3,8.3,61
2025-08-19,28.8,23.8,2.7,53
2025-08-20,28.6,24.0,3.5,53
2025-08-21,28.4,24.1,0.1,51
2025-08-22,28.2,24.9,4.3,53
2025-08-23,28.5,25.2,2.6,53
2025-08-24,28.7,24.6,1.9,51
2025-08-25,29.1,24.6,0.4,51
2025-08-26,28.5,24.1,3.9,53
2025-08-27,26.6,24.1,32.0,63
2025-08-28,26.4,24.2,31.5,63
2025-08-29,26.8,23.9,23.7,63
2025-08-30,27.4,23.4,13.6,61
2025-08-31,28.1,23.7,7.8,61
2025-09-01,27.8,24.1,9.7,63
2025-09-02,28.3,24.6,3.0,53
2025-09-03,27.4,23.5,8.2,61
2025-09-04,27.4,23.1,5.1,61
2025-09-05,27.7,23.8,7.5,61
2025-09-06,28.5,24.0,1.0,51
2025-09-07,28.6,24.8,3.6,53
2025-09-08,28.6,24.7,2.0,53
2025-09-09,28.7,24.5,2.0,53
2025-09-10,28.8,24.5,2.2,55
2025-09-11,28.8,25.2,2.3,53
2025-09-12,29.0,25.3,2.1,53
2025-09-13,28.9,25.0,1.2,51
2025-09-14,28.7,24.1,1.8,53
2025-09-15,28.2,24.3,5.3,61
2025-09-16,28.3,24.0,10.4,63
2025-09-17,27.9,24.2,38.5,65
2025-09-18,27.5,24.3,10.3,63
2025-09-19,28.5,24.4,7.5,61
2025-09-20,28.6,24.4,1.9,53
2025-09-21,28.1,24.5,5.0,61
2025-09-22,28.5,23.9,4.0,55
2025-09-23,27.6,23.9,17.4,63
2025-09-24,28.4,23.7,14.6,63
2025-09-25,27.7,23.5,23.8,63
2025-09-26,27.7,23.8,16.6,63
2025-09-27,27.7,23.8,16.7,63
2025-09-28,28.1,23.5,10.9,53
2025-09-29,30.0,24.2,7.1,61
2025-09-30,28.9,24.4,1.3,51
2025-10-01,29.1,24.8,2.3,53
2025-10-02,29.1,24.3,1.1,51
2025-10-03,30.1,25.0,0.8,53
2025-10-04,29.8,24.5,9.8,63
2025-10-05,28.4,24.2,2.4,53
2025-10-06,29.6,25.0,0.8,51
2025-10-07,29.5,24.8,0.3,51
2025-10-08,30.6,25.3,0.8,53
2025-10-09,29.9,25.0,2.7,55
2025-10-10,30.4,24.9,3.7,55
2025-10-11,30.9,23.9,3.9,61
2025-10-12,31.5,24.8,16.2,65
2025-10-13,29.6,23.9,4.1,61
2025-10-14,30.6,24.4,13.0,63
2025-10-15,29.2,23.9,16.2,65
2025-10-16,28.7,25.0,4.5,61
2025-10-17,29.1,24.4,25.7,65
2025-10-18,29.3,24.6,13.5,63
2025-10-19,29.8,24.3,7.9,63
2025-10-20,29.9,23.8,9.6,63
2025-10-21,27.3,24.3,8.6,55
2025-10-22,29.2,24.2,20.8,63
2025-10-23,29.0,24.0,16.9,63
2025-10-24,28.8,23.4,10.7,63
2025-10-25,29.0,23.5,1.5,53
2025-10-26,29.9,24.5,0.3,51
2025-10-27,26.5,23.1,25.6,63
2025-10-28,29.0,24.4,12.5,63
2025-10-29,30.0,23.8,10.3,61
2025-10-30,30.2,24.2,0.4,51
2025-10-31,30.7,24.2,0.0,2
2025-11-01,30.6,24.0,0.0,3
2025-11-02,29.9,24.4,0.1,51
2025-11-03,29.5,23.7,1.1,53
2025-11-04,29.9,25.6,0.6,51
2025-11-05,29.4,24.7,1.5,51
2025-11-06,30.1,25.3,0.1,51
2025-11-07,29.7,24.5,0.0,3
2025-11-08,29.9,24.7,0.2,51
2025-11-09,28.4,23.9,4.9,61
2025-11-10,28.1,24.1,0.7,51
2025-11-11,29.4,23.7,3.9,61
2025-11-12,29.5,24.6,0.3,51
2025-11-13,29.6,24.8,2.4,55
2025-11-14,29.3,24.5,1.6,53
2025-11-15,28.8,24.1,0.6,51
2025-11-16,30.0,24.2,2.8,61
2025-11-17,28.9,23.6,3.0,61
2025-11-18,29.3,24.0,8.8,61
2025-11-19,29.7,23.4,2.4,61
2025-11-20,29.5,23.8,4.3,63
2025-11-21,31.1,24.2,11.8,65
2025-11-22,30.1,24.8,4.9,61
2025-11-23,30.3,25.0,15.8,63
2025-11-24,28.9,24.8,6.0,61
2025-11-25,30.2,25.2,0.2,51
2025-11-26,30.2,24.0,0.0,3
2025-11-27,30.1,24.1,0.0,3
2025-11-28,29.8,23.9,0.0,3
2025-11-29,28.9,23.3,0.2,51
2025-11-30,29.7,23.0,0.0,3
2025-12-01,30.2,24.4,0.3,51
2025-12-02,29.8,23.5,5.6,63
2025-12-03,28.5,23.7,7.1,63
2025-12-04,30.3,24.7,10.3,63
2025-12-05,30.5,24.7,1.6,53
2025-12-06,30.1,24.7,0.0,3
2025-12-07,29.5,24.3,0.0,3
2025-12-08,30.7,24.3,0.5,51
2025-12-09,30.1,23.0,0.0,3
2025-12-10,31.0,23.9,0.0,3
2025-12-11,31.8,23.1,0.0,3
2025-12-12,30.5,22.4,0.0,3
2025-12-13,30.9,22.8,0.0,3
2025-12-14,31.7,23.6,0.0,0
2025-12-15,31.3,22.0,0.0,3
2025-12-16,30.4,21.5,0.0,3
2025-12-17,32.5,24.4,0.0,3
2025-12-18,31.9,23.8,0.0,3
2025-12-19,32.2,21.4,0.0,3
2025-12-20,32.1,20.4,0.0,3
2025-12-21,30.5,21.0,0.0,3
2025-12-22,31.2,21.1,0.0,3
2025-12-23,30.9,22.0,0.0,3
2025-12-24,31.5,21.9,0.0,3
2025-12-25,31.1,22.6,0.6,51
2025-12-26,30.4,22.3,0.0,2
2025-12-27,32.1,23.2,0.0,2
2025-12-28,31.9,23.9,0.1,51
2025-12-29,32.2,23.7,0.0,3
2025-12-30,31.5,23.9,0.0,3
2025-12-31,29.2,24.3,1.4,53
2026-01-01,30.2,24.1,0.3,51
2026-01-02,30.5,24.3,1.1,53
2026-01-03,29.8,24.5,2.9,61
2026-01-04,32.3,23.3,0.8,53
2026-01-05,33.5,23.2,0.0,3
2026-01-06,31.7,24.5,0.1,51
2026-01-07,32.6,24.3,0.2,51
2026-01-08,33.3,23.6,0.0,3
2026-01-09,32.6,23.4,0.0,3
2026-01-10,31.3,23.4,0.0,3
2026-01-11,30.2,24.4,2.9,53
2026-01-12,33.0,23.7,0.4,51
2026-01-13,31.4,24.7,1.3,53
2026-01-14,31.9,24.5,0.0,3
2026-01-15,31.4,24.8,0.2,51
2026-01-16,31.2,24.1,1.9,61
2026-01-17,31.9,23.3,0.0,3
2026-01-18,31.5,23.6,0.0,3
2026-01-19,30.9,23.5,1.5,55
2026-01-20,31.5,24.3,1.1,53
2026-01-21,31.4,24.2,0.5,51
2026-01-22,32.7,23.6,0.0,2
2026-01-23,31.5,23.6,0.8,53
2026-01-24,30.9,23.5,0.0,3
2026-01-25,32.6,24.8,0.8,51
2026-01-26,31.5,24.8,0.7,51
2026-01-27,32.1,24.3,0.8,53
2026-01-28,31.4,24.5,0.9,53
2026-01-29,31.1,24.4,0.6,53
2026-01-30,32.1,24.3,0.0,3
2026-01-31,31.4,24.3,0.3,51
2026-02-01,32.6,24.7,0.3,51
2026-02-02,32.5,25.3,3.0,61
2026-02-03,30.0,24.0,1.1,53
2026-02-04,31.6,25.1,0.0,3
2026-02-05,31.3,24.0,0.0,1
2026-02-06,31.9,25.7,0.0,2
2026-02-07,33.6,24.5,0.0,3
2026-02-08,33.3,24.4,0.0,3
2026-02-09,32.5,25.2,0.4,51
2026-02-10,31.9,24.8,0.0,3
2026-02-11,33.5,24.6,0.4,51
2026-02-12,32.6,23.4,0.0,2
2026-02-13,33.1,24.0,0.0,3
2026-02-14,33.0,24.8,0.4,51
2026-02-15,33.6,25.2,0.0,3
2026-02-16,33.7,25.2,0.5,51
2026-02-17,33.1,25.2,0.2,51
2026-02-18,32.5,25.4,0.1,51
2026-02-19,33.9,25.5,0.2,51
2026-02-20,34.3,25.4,0.0,3
2026-02-21,31.8,24.6,7.8,63
2026-02-22,30.6,24.1,1.5,55
2026-02-23,31.4,24.2,2.0,61
2026-02-24,32.9,24.5,1.1,53
2026-02-25,30.5,22.7,11.1,63
2026-02-26,30.4,23.5,0.7,53
2026-02-27,30.5,22.8,9.3,63
2026-02-28,29.6,24.7,2.1,53
2026-03-01,29.3,24.3,0.8,51
2026-03-02,30.0,24.3,0.0,2
2026-03-03,29.7,25.0,0.5,53
2026-03-04,30.8,24.5,0.3,51
2026-03-05,30.4,24.4,1.2,51
2026-03-06,30.6,24.9,2.8,53
2026-03-07,31.0,25.1,1.2,51
2026-03-08,32.3,25.4,0.5,51
2026-03-09,31.1,25.6,2.8,61
2026-03-10,33.2,24.4,1.0,55
2026-03-11,31.8,23.7,2.5,61
2026-03-12,31.1,23.4,4.8,61
2026-03-13,31.1,24.7,1.9,61
2026-03-14,31.7,25.0,0.1,51
2026-03-15,31.2,25.3,1.7,53
2026-03-16,31.4,25.2,1.9,55
2026-03-17,31.2,24.9,4.8,61
2026-03-18,32.6,23.5,3.4,55
2026-03-19,31.0,23.7,0.1,51
2026-03-20,32.7,24.4,1.2,53
2026-03-21,32.2,24.9,0.3,51
2026-03-22,33.4,24.7,1.3,53
2026-03-23,33.0,25.2,0.3,51
2026-03-24,31.8,25.2,1.1,51
2026-03-25,33.3,25.0,0.0,2
2026-03-26,32.3,26.1,1.4,55
2026-03-27,31.7,25.8,3.3,61
2026-03-28,32.5,25.4,7.9,63
2026-03-29,32.7,24.6,0.0,3
2026-03-30,31.4,25.2,0.4,51
2026-03-31,32.4,24.6,3.9,63
2026-04-01,31.3,24.7,0.1,51
2026-04-02,31.3,24.6,1.9,53
2026-04-03,31.9,25.5,2.5,53
2026-04-04,31.6,24.4,4.5,63
2026-04-05,32.1,25.5,0.5,51
2026-04-06,33.1,25.8,0.5,51
2026-04-07,32.7,26.9,0.0,3
2026-04-08,32.1,26.5,0.0,3
2026-04-09,33.4,26.8,0.1,51
2026-04-10,33.7,24.2,9.7,63
2026-04-11,31.7,25.2,0.2,51
2026-04-12,31.9,26.3,4.2,61
2026-04-13,32.4,26.0,0.0,3
2026-04-14,32.6,26.8,1.3,51
2026-04-15,32.6,26.7,0.5,51
2026-04-16,33.1,26.9,2.8,61
2026-04-17,33.3,26.7,3.5,61
2026-04-18,32.5,25.4,1.1,55
2026-04-19,34.0,26.7,0.2,51
2026-04-20,32.4,25.5,0.5,51
2026-04-21,32.3,26.5,1.0,51
2026-04-22,33.7,26.2,0.4,51
2026-04-23,33.5,26.5,1.1,51
2026-04-24,33.8,27.1,1.5,55
2026-04-25,33.7,27.0,2.1,55
2026-04-26,32.7,27.5,1.8,51
2026-04-27,33.0,27.1,4.3,61
2026-04-28,32.7,26.0,3.4,61
2026-04-29,32.3,27.0,2.9,53
2026-04-30,31.9,25.6,4.6,61
2026-05-01,31.9,25.6,1.7,55
2026-05-02,32.4,26.0,5.3,61
2026-05-03,31.3,25.6,0.2,51
2026-05-04,31.8,25.2,7.4,63
2026-05-05,30.6,24.3,1.2,51
2026-05-06,31.9,25.0,9.5,63
2026-05-07,30.3,25.5,11.1,63
2026-05-08,31.5,25.6,30.4,65
2026-05-09,30.0,25.4,4.4,61
2026-05-10,30.9,25.7,4.2,53
2026-05-11,31.1,25.4,4.7,63
2026-05-12,31.4,26.0,5.1,61
2026-05-13,30.7,25.8,1.0,51
2026-05-14,30.4,25.6,4.8,55
2026-05-15,30.0,25.1,4.6,53
2026-05-16,30.0,25.0,13.9,63
2026-05-17,29.1,25.3,26.6,63
2026-05-18,29.9,25.5,8.8,61
2026-05-19,30.6,25.5,16.3,63
2026-05-20,30.9,25.1,9.4,61
2026-05-21,31.3,26.5,3.9,53
2026-05-22,29.3,25.8,14.3,63
2026-05-23,30.8,25.3,7.7,61
2026-05-24,28.4,25.0,32.4,63
2026-05-25,29.5,25.3,6.3,61
2026-05-26,30.0,26.0,8.2,61
2026-05-27,30.7,25.8,4.6,61
2026-05-28,29.0,25.3,14.5,63
2026-05-29,29.5,25.8,13.0,61
2026-05-30,29.4,24.9,6.0,61
2026-05-31,30.5,25.1,3.1,53
2026-06-01,29.5,25.1,4.2,55
2026-06-02,30.1,24.6,23.2,65
2026-06-03,30.1,25.3,18.5,63
2026-06-04,28.1,25.1,46.4,65
2026-06-05,27.9,25.8,25.4,63
2026-06-06,30.1,24.9,33.4,63
2026-06-07,28.4,25.5,26.7,63
2026-06-08,28.3,25.4,32.1,63
2026-06-09,27.5,24.8,39.0,63
2026-06-10,29.1,25.6,16.0,61
2026-06-11,29.3,25.3,10.3,61
2026-06-12,29.8,25.5,8.7,63
2026-06-13,29.2,24.8,8.8,63
2026-06-14,29.3,24.4,4.8,63
2026-06-15,29.9,26.1,5.2,53
2026-06-16,29.8,24.1,10.3,63
2026-06-17,29.4,24.5,5.2,61
2026-06-18,28.5,26.0,5.9,61
2026-06-19,29.8,25.2,6.7,61
2026-06-20,30.7,25.5,6.4,63
2026-06-21,28.9,24.8,17.4,63
2026-06-22,28.6,24.9,6.7,55
2026-06-23,28.4,24.8,3.3,53
2026-06-24,29.1,25.2,8.2,63
2026-06-25,30.0,25.2,0.7,51
2026-06-26,29.3,25.6,7.3,61
2026-06-27,29.5,24.8,6.8,61
2026-06-28,28.3,24.7,30.7,63
2026-06-29,28.1,25.4,23.0,63
2026-06-30,28.8,24.7,9.0,61
2026-07-01,28.1,24.4,4.1,53
2026-07-02,29.3,25.2,11.9,63
2026-07-03,28.5,24.4,42.4,65
2026-07-04,28.5,25.3,18.7,61
2026-07-05,29.8,25.1,3.3,55
2026-07-06,30.0,27.0,0.6,51
2026-07-07,30.4,25.7,2.8,53
2026-07-08,29.5,24.2,31.0,63
2026-07-09,29.2,24.3,27.1,65
2026-07-10,28.4,25.2,17.6,61
2026-07-11,28.9,24.8,9.7,63
2026-07-12,29.5,26.3,3.4,53
2026-07-13,29.6,26.6,1.1,51
2026-07-14,29.9,26.8,0.5,51
2026-07-15,29.5,26.6,1.3,51
2026-07-16,29.1,26.4,0.8,51
2026-07-17,28.5,25.6,4.5,61
